Summer,2016,VICTOR ADAMCHIK,CS,15112,FNDMTLS OF PGMG & CS,E,Lect,19,34,0.56,18.95,4.39,4.42,4.32,3.89,4.68,4.68,4.68,4.42,4.63
Summer,2016,ANIL ADA,CS,15112,FNDMTLS OF PGMG & CS,S,Lect,40,54,0.74,24.27,4.9,4.88,4.93,4.8,4.9,4.95,4.97,4.97,4.88
Spring,2016,DAVID KOSBIE,CS,15112,FNDMTLS OF PGMG & CS,1,Lect,146,220,0.66,18.72,4.91,4.81,4.79,4.55,4.86,4.77,4.7,4.81,4.8
Spring,2016,ANIL ADA,CS,15112,FNDMTLS OF PGMG & CS,2,Lect,128,192,0.67,19.68,4.68,4.66,4.69,4.48,4.72,4.7,4.79,4.67,4.57
Spring,2016,HOUDA BOUAMOR,CS,15112,FNDMTLS OF PGMG & CS,W,Lect,25,40,0.63,11.96,4.68,4.36,4.52,4.4,4.68,4.68,4.72,4.56,4.48
Fall,2016,DAVID KOSBIE,CS,15112,FNDMTLS OF PGMG & CS,1,Lect,153,214,0.71,17.07,4.84,4.81,4.78,4.59,4.82,4.67,4.64,4.73,4.7
Fall,2016,DAVID KOSBIE,CS,15112,FNDMTLS OF PGMG & CS,2,Lect,117,181,0.65,16.73,4.86,4.77,4.85,4.46,4.86,4.61,4.69,4.73,4.69
Fall,2016,SAQUIB RAZAK,CS,15112,FNDMTLS OF PGMG & CS,W,Lect,15,26,0.58,17,4.93,4.93,5,4.67,4.8,4.93,4.93,5,4.87
Summer,2015,VICTOR ADAMCHIK,CS,15112,FNDMTLS OF PGMG & CS,E,Lect,28,55,0.51,19.96,4,4.18,4.21,3.5,4.11,4.11,4.32,3.86,4.25
Summer,2015,MARK STEHLIK,CS,15112,FNDMTLS OF PGMG & CS,S,Lect,18,45,0.40,18.67,4.53,4.47,4.47,4.47,4.59,4.53,4.65,4.59,4.65
Summer,2015,VICTOR ADAMCHIK,CS,15112,FNDMTLS OF PGMG & CS,U,Lect,9,28,0.32,19.22,4.22,4.22,4.22,3.89,4.44,4.33,4.44,4.11,4
Summer,2015,HOUDA BOUAMOR,CS,15112,FNDMTLS OF PGMG & CS,W,Lect,3,5,0.60,14,4.67,5,5,4.67,5,5,5,4.67,5
Spring,2015,ANDERSEN D.,CS,15112,FNDMTLS OF PGMG & CS,1,Lect,165,240,0.69,18.15,4.66,4.58,4.62,4.52,4.67,4.59,4.56,4.52,4.65
Spring,2015,KOSBIE D.,CS,15112,FNDMTLS OF PGMG & CS,1,Lect,165,240,0.69,18.75,4.85,4.79,4.79,4.65,4.84,4.7,4.61,4.7,4.73
Spring,2015,ANDERSEN D.,CS,15112,FNDMTLS OF PGMG & CS,2,Lect,70,106,0.66,19.25,4.67,4.67,4.55,4.16,4.57,4.48,4.54,4.45,4.48
Spring,2015,KOSBIE D.,CS,15112,FNDMTLS OF PGMG & CS,2,Lect,70,106,0.66,19.64,4.74,4.65,4.52,4.53,4.62,4.47,4.47,4.45,4.48
Spring,2015,THIERRY SANS,CS,15112,FNDMTLS OF PGMG & CS,W,Lect,26,32,0.81,13.08,4.36,4.62,4.6,4.36,4.44,4.46,4.65,4.58,4.58
Fall,2015,DAVID KOSBIE,CS,15112,FNDMTLS OF PGMG & CS,1,Lect,153,206,0.74,19.91,4.91,4.82,4.83,4.56,4.89,4.71,4.66,4.75,4.74
Fall,2015,MARK STEHLIK,CS,15112,FNDMTLS OF PGMG & CS,2,Lect,116,169,0.69,18.84,4.75,4.79,4.78,4.58,4.8,4.78,4.81,4.71,4.76
Fall,2015,MARY BISHOP,CS,15112,FNDMTLS OF PGMG & CS,3,Lect,12,15,0.80,25.27,4.33,3.42,3.58,3.25,3.42,3.08,4.67,3.27,3.33
Fall,2015,SAQUIB RAZAK,CS,15112,FNDMTLS OF PGMG & CS,W,Lect,24,25,0.96,13.92,4.79,4.67,4.42,4.5,4.71,4.63,4.92,4.75,4.54
Fall,2015,FOSSATI D.,CS,15112,FNDMTLS OF PGMG & CS,X,Lect,21,28,0.75,13.33,4.16,4.05,4,3.43,4.15,4.14,4.86,4.24,3.95
Fall,2015,BOUAMOR H.,CS,15112,FNDMTLS OF PGMG & CS,X,Lect,21,28,0.75,13,4.19,4.1,3.9,3.65,3.86,3.86,4.1,3.9,3.81
Summer,2014,GREGORY KESDEN,CS,15112,FNDMTLS OF PGMG & CS,E,Lect,38,63,0.60,15.63,4.05,4,4.03,3.42,4.18,3.87,3.55,3.58,3.82
Summer,2014,GREGORY KESDEN,CS,15112,FNDMTLS OF PGMG & CS,S,Lect,17,34,0.50,16.94,4.35,4.06,4,3.71,4.12,4.06,3.94,3.82,3.82
Summer,2014,GREGORY KESDEN,CS,15112,FNDMTLS OF PGMG & CS,U,Lect,8,21,0.38,15.5,3.88,4,3.88,3.71,3.88,4,3.63,3.75,4
Spring,2014,DAVID KOSBIE,CS,15112,FNDMTLS OF PGMG & CS,1,Lect,154,208,0.74,17.59,4.81,4.72,4.75,4.49,4.79,4.58,4.32,4.64,4.65
Spring,2014,DAVID KOSBIE,CS,15112,FNDMTLS OF PGMG & CS,2,Lect,85,121,0.70,17.82,4.88,4.84,4.8,4.52,4.85,4.71,4.49,4.75,4.67
Fall,2014,DAVID KOSBIE,CS,15112,FNDMTLS OF PGMG & CS,1,Lect,153,215,0.71,17.66,4.88,4.82,4.84,4.61,4.81,4.6,4.61,4.72,4.74
Fall,2014,ANIL ADA,CS,15112,FNDMTLS OF PGMG & CS,2,Lect,98,159,0.62,17.36,4.79,4.68,4.7,4.55,4.78,4.72,4.87,4.71,4.74
Fall,2014,SAQUIB RAZAK,CS,15112,FNDMTLS OF PGMG & CS,W,Lect,19,27,0.70,15.74,4.79,4.47,4.47,4.32,4.58,4.53,4.83,4.61,4.5
Fall,2014,DAVIDE FOSSATI,CS,15112,FNDMTLS OF PGMG & CS,X,Lect,8,16,0.50,14.14,4,4.38,4.13,4.38,4.5,4.38,4.75,4.13,3.88
Summer,2013,GREGORY KESDEN,CS,15112,FNDMTLS OF PGMG & CS,E,Lect,29,57,0.51,16.9,3.72,3.93,3.86,4,4.36,3.97,4,3.79,4.1
Summer,2013,GREGORY KESDEN,CS,15112,FNDMTLS OF PGMG & CS,S,Lect,3,11,0.27,14,4,4,3.67,3.67,3.33,3.33,3.67,3.67,3.67
Summer,2013,GREGORY KESDEN,CS,15112,FNDMTLS OF PGMG & CS,U,Lect,6,17,0.35,15.33,4.33,3.17,3.33,4.17,4.33,4.17,3.33,3.67,4.17
Spring,2013,DAVID KOSBIE,CS,15112,FNDMTLS OF PGMG & CS,1,Lect,155,241,0.64,16.81,4.8,4.72,4.75,4.57,4.81,4.71,4.49,4.72,4.72
Spring,2013,KELLY RIVERS,CS,15112,FNDMTLS OF PGMG & CS,2,Lect,22,43,0.51,15.73,4.45,4.41,4.43,4.18,4.41,4.36,4.68,4.27,4.59
Fall,2013,DAVID KOSBIE,CS,15112,FNDMTLS OF PGMG & CS,1,Lect,180,253,0.71,16.58,4.96,4.89,4.93,4.74,4.91,4.8,4.81,4.88,4.85
Fall,2013,DAVID KOSBIE,CS,15112,FNDMTLS OF PGMG & CS,2,Lect,46,69,0.67,16.09,4.87,4.76,4.78,4.59,4.83,4.7,4.76,4.74,4.7
Summer,2012,GREGORY KESDEN,CS,15112,FNDMTLS OF PGMG & CS,E,Lect,28,50,0.56,10.56,3.86,3.68,3.82,3.54,3.96,3.68,4,3.61,3.64
Summer,2012,DAVID KOSBIE,CS,15112,FNDMTLS OF PGMG & CS,S,Lect,11,15,0.73,14,4.91,4.82,4.91,5,5,5,4.82,5,5
Summer,2012,GREGORY KESDEN,CS,15112,FNDMTLS OF PGMG & CS,U,Lect,2,9,0.22,12.5,2.5,2,2,1.5,1.5,2,3,2,2.5
Spring,2012,DAVID KOSBIE,CS,15112,FNDMTLS OF PGMG & CS,1,Lect,135,214,0.63,12.89,4.9,4.76,4.76,4.57,4.81,4.71,4.51,4.79,4.7
Spring,2012,THIERRY SANS,CS,15112,FNDMTLS OF PGMG & CS,W,Lect,2,2,1.00,11,5,5,5,5,5,5,5,5,5
Fall,2012,DAVID KOSBIE,CS,15112,FNDMTLS OF PGMG & CS,1,Lect,182,257,0.71,12.39,4.81,4.69,4.73,4.58,4.83,4.67,4.57,4.72,4.71
Fall,2012,SAQUIB RAZAK,CS,15112,FNDMTLS OF PGMG & CS,W,Lect,21,21,1.00,9.33,4.52,4.52,4.48,3.71,4.62,4.48,4.86,4.48,4.33
Fall,2011,DAVID KOSBIE,CS,15112,FNDMTLS OF PGMG & CS,1,Lect,174,240,0.73,12.04,4.84,4.67,4.72,4.65,4.82,4.68,4.45,4.7,4.66
Fall,2011,SAQUIB RAZAK,CS,15112,FNDMTLS OF PGMG & CS,W,Lect,20,23,0.87,10.33,4.8,4.45,4.6,4.3,4.65,4.8,4.95,4.8,4.6
Summer,2016,VICTOR ADAMCHIK,CS,15122,PRIN IMPRTV COMPTATN,E,Lect,2,10,0.20,19,5,4.5,4.5,4,5,4.5,4.5,4.5,4.5
Summer,2016,VICTOR ADAMCHIK,CS,15122,PRIN IMPRTV COMPTATN,U,Lect,7,23,0.30,22.43,3.43,3.14,3.43,3,3.43,3,3.86,3,3.14
Spring,2016,ROBERT SIMMONS,CS,15122,PRIN IMPRTV COMPTATN,1,Lect,75,131,0.57,12.39,4.76,4.56,4.53,4.24,4.6,4.65,4.79,4.56,4.57
Spring,2016,HYRUM WRIGHT,CS,15122,PRIN IMPRTV COMPTATN,2,Lect,99,175,0.57,11.58,4.26,3.96,4.02,3.82,4.23,4.01,4.4,3.89,3.93
Spring,2016,RAZAK S.,CS,15122,PRIN IMPRTV COMPTATN,W,Lect,13,17,0.76,16.69,4.85,4.69,4.77,4.31,4.62,4.77,4.85,4.85,4.62
Spring,2016,HAMMOUD M.,CS,15122,PRIN IMPRTV COMPTATN,W,Lect,13,17,0.76,18,5,4.58,4.92,4.58,4.83,4.83,5,4.75,4.92
Fall,2016,ILIANO CERVESATO,CS,15122,PRIN IMPRTV COMPTATN,1,Lect,94,158,0.59,15.29,4.02,3.84,3.99,3.45,3.97,3.74,4.09,3.62,3.61
Fall,2016,THOMAS CORTINA,CS,15122,PRIN IMPRTV COMPTATN,2,Lect,162,244,0.66,12.8,4.58,4.52,4.57,4.13,4.52,4.59,4.64,4.61,4.33
Summer,2015,VICTOR ADAMCHIK,CS,15122,PRIN IMPRTV COMPTATN,E,Lect,25,33,0.76,19.84,4,4.24,4,3.36,4.16,4,4.16,4,4.32
Summer,2015,ROBERT SIMMONS,CS,15122,PRIN IMPRTV COMPTATN,S,Lect,15,36,0.42,21.57,4.67,4.6,4.6,4.47,4.73,4.71,4.87,4.6,4.53
Summer,2015,VICTOR ADAMCHIK,CS,15122,PRIN IMPRTV COMPTATN,U,Lect,8,23,0.35,21.5,3.38,3.13,3.38,2.88,4,3.5,3.63,2.86,3.14
Spring,2015,ROBERT SIMMONS,CS,15122,PRIN IMPRTV COMPTATN,1,Lect,101,140,0.72,13.38,4.54,4.42,4.45,4.03,4.53,4.47,4.61,4.43,4.26
Spring,2015,HYRUM WRIGHT,CS,15122,PRIN IMPRTV COMPTATN,2,Lect,70,140,0.50,10.99,4.16,3.92,3.87,3.44,4.09,3.51,4.59,3.5,3.81
Spring,2015,SAQUIB RAZAK,CS,15122,PRIN IMPRTV COMPTATN,3,Lect,18,25,0.72,13.72,4.89,4.61,4.72,4.22,4.5,4.67,4.61,4.72,4.61
Fall,2015,FRANK PFENNING,CS,15122,PRIN IMPRTV COMPTATN,1,Lect,67,131,0.51,13.78,4.21,4.52,4.51,3.94,4.43,4.34,4.51,4.18,4.25
Fall,2015,THOMAS CORTINA,CS,15122,PRIN IMPRTV COMPTATN,2,Lect,123,205,0.60,11.32,4.65,4.65,4.6,4.25,4.65,4.71,4.7,4.67,4.44
Summer,2014,VICTOR ADAMCHIK,CS,15122,PRIN IMPRTV COMPTATN,E,Lect,14,19,0.74,19.29,4.64,4.64,4.77,4.43,4.86,4.57,4.57,4.71,4.71
Summer,2014,ROBERT SIMMONS,CS,15122,PRIN IMPRTV COMPTATN,S,Lect,23,37,0.62,21.43,4.57,4.65,4.73,4.27,4.55,4.55,4.77,4.64,4.64
Summer,2014,VICTOR ADAMCHIK,CS,15122,PRIN IMPRTV COMPTATN,U,Lect,12,30,0.40,15.83,3.25,3.42,3.75,2.75,4.08,3.58,2.91,3.25,3.67
Spring,2014,DATTA A.,CS,15122,PRIN IMPRTV COMPTATN,1,Lect,147,259,0.57,11.46,3.59,3.67,3.73,3.21,3.63,3.51,4.1,3.34,3.31
Spring,2014,PLATZER A.,CS,15122,PRIN IMPRTV COMPTATN,1,Lect,147,259,0.57,11.36,3.33,3.41,3.34,2.92,3.4,3.08,3.51,2.96,3.14
Spring,2014,SAQUIB RAZAK,CS,15122,PRIN IMPRTV COMPTATN,3,Lect,24,27,0.89,15.3,4.96,4.79,4.71,4.75,4.83,4.79,5,4.83,4.75
Fall,2014,ROBERT SIMMONS,CS,15122,PRIN IMPRTV COMPTATN,1,Lect,97,177,0.55,12.66,4.52,4.54,4.54,4.11,4.47,4.42,4.64,4.46,4.45
Fall,2014,THOMAS CORTINA,CS,15122,PRIN IMPRTV COMPTATN,2,Lect,92,146,0.63,11.78,4.69,4.74,4.63,4.2,4.65,4.62,4.77,4.64,4.54
Fall,2014,THOMAS CORTINA,CS,15122,PRIN IMPRTV COMPTATN,3,Lect,7,11,0.64,16.14,4.57,4.67,4.67,4.5,4.5,4.67,4.5,4.83,4.5
Summer,2013,VICTOR ADAMCHIK,CS,15122,PRIN IMPRTV COMPTATN,E,Lect,10,12,0.83,17.3,4.1,3.6,4.1,3.1,4.4,4,3.2,4,4.3
Summer,2013,ANN ANDERSON,CS,15122,PRIN IMPRTV COMPTATN,S,Lect,3,17,0.18,18.67,4.67,4.67,4.33,4.33,4.67,5,5,4.67,4.67
Summer,2013,VICTOR ADAMCHIK,CS,15122,PRIN IMPRTV COMPTATN,U,Lect,13,25,0.52,18.69,3.62,3.54,3.85,2.62,4,3.69,3.08,3.46,3.46
Spring,2013,SIMMONS R.,CS,15122,PRIN IMPRTV COMPTATN,1,Lect,126,206,0.61,11.95,4.26,4.22,4.22,4.07,4.18,4.16,4.49,4.18,3.9
Spring,2013,PLATZER A.,CS,15122,PRIN IMPRTV COMPTATN,1,Lect,126,206,0.61,11.92,3.62,3.76,3.7,3.57,3.71,3.52,3.98,3.38,3.77
Spring,2013,SAQUIB RAZAK,CS,15122,PRIN IMPRTV COMPTATN,3,Lect,23,28,0.82,15.35,4.83,4.7,4.57,4.52,4.83,4.83,4.87,4.78,4.48
Fall,2013,ROBERT SIMMONS,CS,15122,PRIN IMPRTV COMPTATN,1,Lect,104,189,0.55,13.4,4.54,4.36,4.28,4.14,4.24,4.27,4.61,4.18,4.07
Fall,2013,THOMAS CORTINA,CS,15122,PRIN IMPRTV COMPTATN,2,Lect,74,129,0.57,11.58,4.69,4.57,4.64,4.34,4.58,4.65,4.77,4.65,4.42
Summer,2012,VICTOR ADAMCHIK,CS,15122,PRIN IMPRTV COMPTATN,E,Lect,8,17,0.47,11.38,4.5,4,4.63,4.13,4.88,4.5,4.88,4.38,3.75
Summer,2012,  MORGENSTERN,CS,15122,PRIN IMPRTV COMPTATN,S,Lect,12,21,0.57,13,4.42,3.92,4,3.92,3.92,3.92,4.42,3.75,3.75
Summer,2012,VICTOR ADAMCHIK,CS,15122,PRIN IMPRTV COMPTATN,U,Lect,12,27,0.44,12.5,3.42,3.5,3.58,3.08,3.83,3.58,3.92,3.33,2.83
Spring,2012,GUNAWARDENA A.,CS,15122,PRIN IMPRTV COMPTATN,1,Lect,121,223,0.54,9.2,2.86,2.95,2.94,2.62,3.05,2.88,3.36,2.63,2.8
Spring,2012,PLATZER A.,CS,15122,PRIN IMPRTV COMPTATN,1,Lect,121,223,0.54,9.28,3.06,3.08,3.18,2.71,3.38,3.05,3.43,2.75,2.76
Spring,2012,SAQUIB RAZAK,CS,15122,PRIN IMPRTV COMPTATN,3,Lect,13,21,0.62,11.75,4.85,4.69,4.38,4.54,4.77,4.69,4.92,4.77,4.31
Spring,2012,SAQUIB RAZAK,CS,15122,PRIN IMPRTV COMPTATN,W,Lect,11,21,0.52,11.82,4.82,4.55,4.55,4.27,4.82,4.55,5,4.73,4.36
Fall,2012,PFENNING F.,CS,15122,PRIN IMPRTV COMPTATN,1,Lect,82,154,0.53,11.31,4.25,4.23,4.33,3.88,4.31,4.24,4.49,4.17,3.98
Fall,2012,GUNAWARDENA A.,CS,15122,PRIN IMPRTV COMPTATN,1,Lect,82,154,0.53,10.89,3.42,3.3,3.36,3.16,3.2,3.22,3.74,3.28,3.52
Fall,2012,SIMMONS R.,CS,15122,PRIN IMPRTV COMPTATN,2,Lect,79,119,0.66,9.5,4.47,4.45,4.49,3.96,4.38,4.41,4.67,4.29,4.45
Fall,2012,CORTINA T.,CS,15122,PRIN IMPRTV COMPTATN,2,Lect,79,119,0.66,9.6,4.73,4.67,4.67,4.35,4.62,4.68,4.73,4.73,4.58
Summer,2011,WILLIAM LOVAS,CS,15122,PRIN IMPRTV COMPTATN,S,Lect,7,11,0.64,12.71,5,4.86,4.71,4.57,4.86,4.86,5,5,4.71
Spring,2011,FRANK PFENNING,CS,15122,PRIN IMPRTV COMPTATN,1,Lect,70,116,0.60,11.22,4.23,4.24,4.29,3.69,4.41,4.24,4.49,4.07,4.1
Spring,2011,THOMAS CORTINA,CS,15122,PRIN IMPRTV COMPTATN,A,Lect,14,25,0.56,10.31,4.93,4.5,4.64,4.57,4.79,4.57,4.64,4.64,4.57
Spring,2011,WILLIAM LOVAS,CS,15122,PRIN IMPRTV COMPTATN,C,Lect,17,27,0.63,11.35,4.47,4.31,4.35,4.18,4.41,4.41,4.47,4.41,4.12
Spring,2011,ANANDA GUNAWARDENA,CS,15122,PRIN IMPRTV COMPTATN,E,Lect,12,20,0.60,9.5,3.92,3.25,3.17,3.25,3.67,3.58,4.33,3.58,3.67
Fall,2011,ANANDA GUNAWARDENA,CS,15122,PRIN IMPRTV COMPTATN,1,Lect,104,158,0.66,10.5,3.57,2.99,3.01,2.7,3.07,2.64,4.06,2.54,2.77
Fall,2011,VICTOR ADAMCHIK,CS,15122,PRIN IMPRTV COMPTATN,2,Lect,72,107,0.67,9.46,3.89,3.51,3.54,3.11,4.06,3.61,4.2,3.44,3.11
Fall,2010,FRANK PFENNING,CS,15122,PRIN IMPRTV COMPTATN,1,Lect,59,93,0.63,10.02,4.2,4.19,4.31,3.68,4.56,4.39,4.64,4.14,4.08
Fall,2010,THOMAS CORTINA,CS,15122,PRIN IMPRTV COMPTATN,A,Lect,12,21,0.57,7.75,4.75,4.33,4.17,4.42,4.17,4.67,4.67,4.5,4.33
Fall,2010,THOMAS CORTINA,CS,15122,PRIN IMPRTV COMPTATN,B,Lect,14,23,0.61,8.43,4.71,4.29,4.29,4.5,4.21,4.71,4.79,4.57,4.21
Fall,2010,WILLIAM LOVAS,CS,15122,PRIN IMPRTV COMPTATN,C,Lect,20,30,0.67,9.8,4.9,4.65,4.65,4.55,4.5,4.8,4.95,4.65,4.5
Fall,2010,WILLIAM LOVAS,CS,15122,PRIN IMPRTV COMPTATN,D,Lect,11,19,0.58,9.91,4.82,4.27,4.27,4.55,4.36,4.73,4.91,4.36,4.27
Summer,2016,BRIAN RAILING,CS,15213,INTR CMPUTER SYSTEMS,A,Lect,12,20,0.60,17.92,4.25,3.83,4.17,3.75,4.33,3.75,4.17,3.42,4
Spring,2016,GOLDSTEIN S.,CS,15213,INTR CMPUTER SYSTEMS,1,Lect,59,119,0.50,14.51,4.2,4.39,4.46,3.76,4.47,4.38,4.26,4.2,4.21
Spring,2016,FRANCHETTI F.,CS,15213,INTR CMPUTER SYSTEMS,1,Lect,59,119,0.50,14.81,4.51,4.46,4.44,4.16,4.49,4.37,4.6,4.37,4.28
Fall,2016,Bryant R.,CS,15213,INTR CMPUTER SYSTEMS,1,Lect,76,166,0.46,14.09,4.04,4.19,4.27,3.64,4.26,4.01,4.3,3.89,4.12
Fall,2016,GIBBONS P.,CS,15213,INTR CMPUTER SYSTEMS,1,Lect,76,166,0.46,13.83,4.13,4.15,4.13,3.71,4.19,3.94,4.35,3.78,4.18
Fall,2016,KHALED HARRAS,CS,15213,INTR CMPUTER SYSTEMS,W,Lect,10,13,0.77,14.5,4.9,4.8,4.9,4.3,4.9,4.9,4.7,4.9,4.8
Summer,2015,NATHANIEL FILARDO,CS,15213,INTR CMPUTER SYSTEMS,M,Lect,7,17,0.41,18.71,5,5,4.86,4.57,4.86,4.86,5,5,4.71
Summer,2015,FILARDO N.,CS,15213,INTR CMPUTER SYSTEMS,N,Lect,1,4,0.25,8,5,5,5,3,4,5,5,5,5
Spring,2015,GOLDSTEIN S.,CS,15213,INTR CMPUTER SYSTEMS,1,Lect,36,81,0.44,13.94,4.14,4.31,4.43,3.94,4.46,4.43,4.37,4.31,4.34
Spring,2015,FRANCHETTI F.,CS,15213,INTR CMPUTER SYSTEMS,1,Lect,36,81,0.44,13.29,3.79,3.76,3.74,3.32,3.82,3.53,4.24,3.35,3.94
Spring,2015,GREGORY KESDEN,CS,15213,INTR CMPUTER SYSTEMS,2,Lect,32,54,0.59,12.06,4.16,4.34,4.31,3.47,4.16,4.13,3.34,4,3.94
Fall,2015,Bryant R.,CS,15213,INTR CMPUTER SYSTEMS,1,Lect,77,155,0.50,13.96,3.86,4.05,4.13,3.59,4.26,4.01,4.21,3.86,4.05
Fall,2015,OHALLARON D.,CS,15213,INTR CMPUTER SYSTEMS,1,Lect,77,155,0.50,14.21,4.01,4.08,4.15,3.73,4.23,4.08,4.23,3.99,4.07
Fall,2015,KHALED HARRAS,CS,15213,INTR CMPUTER SYSTEMS,W,Lect,16,20,0.80,15.69,4.63,4.69,4.87,4.25,4.94,4.88,4.56,4.81,4.81
Summer,2014,GREGORY KESDEN,CS,15213,INTR CMPUTER SYSTEMS,M,Lect,15,42,0.36,19,4.47,4.33,4.47,3.73,4.67,4.2,4.13,4.33,4.47
Summer,2014,GREGORY KESDEN,CS,15213,INTR CMPUTER SYSTEMS,N,Lect,1,3,0.33,24,5,5,5,5,5,5,5,5,5
Spring,2014,GOLDSTEIN S.,CS,15213,INTR CMPUTER SYSTEMS,1,Lect,50,93,0.54,14.94,4.16,4.26,4.26,3.76,4.22,4.18,4.26,4.14,4.28
Spring,2014,ROWE A.,CS,15213,INTR CMPUTER SYSTEMS,1,Lect,50,93,0.54,14.83,4.24,4.23,4.23,4.15,4.31,4.31,4.45,4.31,4.33
Spring,2014,GREGORY KESDEN,CS,15213,INTR CMPUTER SYSTEMS,2,Lect,32,58,0.55,15.6,4.38,4.31,4.41,4,4.41,4.38,3.72,4.25,4.38
Fall,2014,GANGER G.,CS,15213,INTR CMPUTER SYSTEMS,1,Lect,78,137,0.57,15.26,4.42,4.32,4.41,4.14,4.44,4.28,4.57,4.36,4.44
Fall,2014,OHALLARON D.,CS,15213,INTR CMPUTER SYSTEMS,1,Lect,78,137,0.57,15.12,4.42,4.34,4.41,4.18,4.37,4.36,4.55,4.22,4.43
Fall,2014,GREGORY KESDEN,CS,15213,INTR CMPUTER SYSTEMS,2,Lect,41,76,0.54,14.65,4.59,4.34,4.35,4.02,4.63,4.32,4,4.22,4.56
Fall,2014,KHALED HARRAS,CS,15213,INTR CMPUTER SYSTEMS,3,Lect,20,29,0.69,17.65,4.75,4.7,4.9,4.1,4.7,4.7,4.3,4.55,4.65
Summer,2013,GREGORY KESDEN,CS,15213,INTR CMPUTER SYSTEMS,M,Lect,11,30,0.37,19.18,4.64,4.55,4.45,4.18,4.36,4.55,4.18,4.4,4.36
Summer,2013,GREGORY KESDEN,CS,15213,INTR CMPUTER SYSTEMS,W,Lect,1,4,0.25,24,5,5,5,5,5,5,5,5,5
Spring,2013,GOLDSTEIN S.,CS,15213,INTR CMPUTER SYSTEMS,1,Lect,43,111,0.39,15.4,4.31,4.48,4.5,3.93,4.52,4.36,4.48,4.31,4.38
Spring,2013,ROWE A.,CS,15213,INTR CMPUTER SYSTEMS,1,Lect,43,111,0.39,15.08,4.4,4.45,4.5,4.03,4.43,4.45,4.58,4.35,4.3
Spring,2013,GREGORY KESDEN,CS,15213,INTR CMPUTER SYSTEMS,2,Lect,48,77,0.62,16.26,4.23,4.1,4.21,4,4.25,4.15,4.02,4.04,4.33
Fall,2013,KESDEN G.,CS,15213,INTR CMPUTER SYSTEMS,1,Lect,72,126,0.57,15.35,4.51,4.58,4.58,4.17,4.66,4.53,4.21,4.42,4.62
Fall,2013,Bryant R.,CS,15213,INTR CMPUTER SYSTEMS,1,Lect,72,126,0.57,14.89,4.53,4.63,4.6,4.38,4.68,4.54,4.68,4.4,4.68
Fall,2013,OHALLARON D.,CS,15213,INTR CMPUTER SYSTEMS,1,Lect,72,126,0.57,14.9,4.62,4.56,4.65,4.56,4.68,4.58,4.72,4.5,4.66
Fall,2013,KESDEN G.,CS,15213,INTR CMPUTER SYSTEMS,2,Lect,41,68,0.60,12.6,4.5,4.63,4.52,4.17,4.58,4.4,3.9,4.47,4.5
Fall,2013,Bryant R.,CS,15213,INTR CMPUTER SYSTEMS,2,Lect,41,68,0.60,14,4.6,4.6,4.6,4.53,4.6,4.6,4.6,4.6,4.6
Fall,2013,OHALLARON D.,CS,15213,INTR CMPUTER SYSTEMS,2,Lect,41,68,0.60,14.38,4.67,4.67,4.67,4.67,4.67,4.67,4.67,4.67,4.67
Summer,2012,GREGORY KESDEN,CS,15213,INTR CMPUTER SYSTEMS,M,Lect,8,44,0.18,12.13,3.63,3.88,4.13,2.75,4.13,3.5,3.14,3.63,3.57
Summer,2012,GREGORY KESDEN,CS,15213,INTR CMPUTER SYSTEMS,W,Lect,2,2,1.00,14,4.5,4.5,4.5,4.5,4.5,4.5,4.5,4.5,4.5
Spring,2012,MOWRY T.,CS,15213,INTR CMPUTER SYSTEMS,1,Lect,46,119,0.39,11.53,4.18,4.5,4.48,3.72,4.41,4.46,4.59,4.35,4.48
Spring,2012,ROWE A.,CS,15213,INTR CMPUTER SYSTEMS,1,Lect,46,119,0.39,11.54,4.4,4.6,4.58,3.9,4.6,4.7,4.72,4.65,4.54
Fall,2012,GANGER G.,CS,15213,INTR CMPUTER SYSTEMS,1,Lect,73,133,0.55,11.65,4.31,4.33,4.44,4.04,4.33,4.28,4.47,4.25,4.4
Fall,2012,OHALLARON D.,CS,15213,INTR CMPUTER SYSTEMS,1,Lect,73,133,0.55,11.39,4.4,4.37,4.44,4.25,4.45,4.35,4.53,4.38,4.53
Fall,2012,GREGORY KESDEN,CS,15213,INTR CMPUTER SYSTEMS,2,Lect,51,81,0.63,10.82,4.45,4.42,4.41,3.94,4.5,4.58,4.1,4.34,4.52
Fall,2012,KHALED HARRAS,CS,15213,INTR CMPUTER SYSTEMS,3,Lect,10,14,0.71,13.33,4.6,4.3,4.3,4.5,4.3,4.4,4.3,4.5,4.3
Fall,2011,GANGER G.,CS,15213,INTR CMPUTER SYSTEMS,1,Lect,69,151,0.46,11.96,4.25,4.32,4.36,3.83,4.45,4.29,4.59,4.13,4.38
Fall,2011,OHALLARON D.,CS,15213,INTR CMPUTER SYSTEMS,1,Lect,69,151,0.46,11.95,4.35,4.43,4.42,3.98,4.42,4.15,4.62,3.97,4.4
Fall,2011,GREGORY KESDEN,CS,15213,INTR CMPUTER SYSTEMS,2,Lect,43,70,0.61,12.12,4.3,4.28,4.35,4.09,4.49,4.42,4.28,4.35,4.52
Fall,2011,KHALED HARRAS,CS,15213,INTR CMPUTER SYSTEMS,3,Lect,14,16,0.88,11.21,4.79,4.64,4.93,4.57,4.57,4.57,4.57,4.71,4.71
Spring,2016,ODONNELL R.,CS,15251,GRT THERTCL IDEAS CS,1,Lect,126,196,0.64,14.99,4.74,4.66,4.73,4.45,4.73,4.71,4.73,4.75,4.65
Spring,2016,HAEUPLER B.,CS,15251,GRT THERTCL IDEAS CS,1,Lect,126,196,0.64,15.29,4.65,4.44,4.49,4.34,4.58,4.5,4.69,4.46,4.57
Spring,2016,CHRISTOS KAPOUTSIS,CS,15251,GRT THERTCL IDEAS CS,W,Lect,8,11,0.73,15.75,4.5,4.63,4.63,4.63,4.5,4.75,4.88,4.75,4.5
Fall,2016,GURUSWAMI V.,CS,15251,GRT THERTCL IDEAS CS,1,Lect,60,101,0.59,17.1,4.42,4.27,4.35,4.1,4.5,4.2,4.5,4.05,4.38
Fall,2016,ADA A.,CS,15251,GRT THERTCL IDEAS CS,1,Lect,60,101,0.59,17.38,4.8,4.6,4.65,4.65,4.75,4.67,4.8,4.72,4.52
Spring,2015,ODONNELL R.,CS,15251,GRT THERTCL IDEAS CS,1,Lect,106,170,0.62,16.63,4.67,4.49,4.48,4.19,4.67,4.49,4.75,4.58,4.34
Spring,2015,ADA A.,CS,15251,GRT THERTCL IDEAS CS,1,Lect,106,170,0.62,16.61,4.65,4.49,4.46,4.2,4.68,4.41,4.73,4.48,4.34
Spring,2015,CHRISTOS KAPOUTSIS,CS,15251,GRT THERTCL IDEAS CS,2,Lect,21,28,0.75,15.52,4.75,4.65,4.6,4.1,4.65,4.55,4.75,4.65,4.6
Fall,2015,PROCACCIA A.,CS,15251,GRT THERTCL IDEAS CS,1,Lect,87,110,0.79,16.93,4.61,4.47,4.44,4.31,4.68,4.51,4.75,4.49,4.47
Fall,2015,ADA A.,CS,15251,GRT THERTCL IDEAS CS,1,Lect,87,110,0.79,17.07,4.82,4.75,4.75,4.65,4.74,4.78,4.85,4.82,4.62
Spring,2014,SLEATOR D.,CS,15251,GRT THERTCL IDEAS CS,1,Lect,72,113,0.64,18.04,4.1,3.9,3.97,3.66,4.19,3.92,4.32,3.71,3.99
Spring,2014,SUTNER K.,CS,15251,GRT THERTCL IDEAS CS,1,Lect,72,113,0.64,18.34,4.39,4.13,4.2,3.87,4.51,4.31,4.41,4.24,4.13
Spring,2014,CHRISTOS KAPOUTSIS,CS,15251,GRT THERTCL IDEAS CS,2,Lect,37,41,0.90,16.54,4.43,4.38,4.28,3.81,4.51,4.49,4.81,4.57,4.16
Fall,2014,ADAMCHIK V.,CS,15251,GRT THERTCL IDEAS CS,1,Lect,83,144,0.58,17.12,3.7,3.78,3.73,3.05,3.89,3.67,3.89,3.52,3.52
Fall,2014,GURUSWAMI V.,CS,15251,GRT THERTCL IDEAS CS,1,Lect,83,144,0.58,17.04,3.88,3.86,3.91,3.22,3.95,3.72,4.12,3.68,3.56
Spring,2013,RUDICH S.,CS,15251,GRT THERTCL IDEAS CS,1,Lect,101,155,0.65,19.82,3.36,2.89,2.93,2.74,3.28,2.29,3.88,2.42,3.67
Spring,2013,VON AHN ARELLANO L.,CS,15251,GRT THERTCL IDEAS CS,1,Lect,101,155,0.65,19.96,3.7,4.28,4.21,3.4,4.26,4.42,3.92,4.29,4.14
Spring,2013,ODONNELL R.,CS,15251,GRT THERTCL IDEAS CS,1,Lect,101,155,0.65,20.06,4.83,4.61,4.54,4.56,4.73,4.78,4.74,4.82,4.34
Fall,2013,ADAMCHIK V.,CS,15251,GRT THERTCL IDEAS CS,1,Lect,81,108,0.75,16.94,3.93,4.01,3.99,3.51,4.12,3.88,4.23,3.94,4.11
Fall,2013,PROCACCIA A.,CS,15251,GRT THERTCL IDEAS CS,1,Lect,81,108,0.75,16.89,4.58,4.43,4.42,4.22,4.51,4.52,4.68,4.58,4.37
Spring,2012,SLEATOR D.,CS,15251,GRT THERTCL IDEAS CS,1,Lect,105,188,0.56,13.1,3.54,3.09,3.01,2.84,3.42,2.73,3.71,2.68,3.52
Spring,2012,ODONNELL R.,CS,15251,GRT THERTCL IDEAS CS,1,Lect,105,188,0.56,13.11,4.11,4.06,4.08,3.63,4.25,4.27,4.19,4.26,3.77
Fall,2012,ADAMCHIK V.,CS,15251,GRT THERTCL IDEAS CS,1,Lect,51,93,0.55,13.29,3.9,3.67,3.75,2.94,3.88,3.43,3.84,3.43,3.61
Fall,2012,GURUSWAMI V.,CS,15251,GRT THERTCL IDEAS CS,1,Lect,51,93,0.55,13.25,4.29,3.98,4,3.63,4.12,4.1,4.31,4.1,3.67
Fall,2012,YONINA COOPER,CS,15251,GRT THERTCL IDEAS CS,2,Lect,11,18,0.61,12.91,4.64,4.73,4.45,4.64,4.55,4.18,4.64,4.36,4.36
Fall,2011,GUPTA A.,CS,15251,GRT THERTCL IDEAS CS,1,Lect,40,77,0.52,12.88,4.52,4.58,4.52,4.13,4.55,4.43,4.64,4.43,4.25
Fall,2011,GURUSWAMI V.,CS,15251,GRT THERTCL IDEAS CS,1,Lect,40,77,0.52,12.88,3.82,3.93,3.93,3.56,4.03,3.72,4.36,3.52,4.05
Fall,2011,YONINA COOPER,CS,15251,GRT THERTCL IDEAS CS,2,Lect,10,16,0.63,12.5,3.5,3.4,3.5,2.9,3.1,2.5,4.2,2.9,3.2
Spring,2016,JEFFREY EPPINGER,CS,15437,WEB APPLCTN DEVLPMNT,A,Lect,8,12,0.67,11.88,4.75,4.5,4.5,4.38,4.5,4.25,5,4.75,4.5
Spring,2016,JEFFREY EPPINGER,CS,15437,WEB APPLCTN DEVLPMNT,B,Lect,5,8,0.63,7.4,3.8,4.2,4,3.2,4,3.4,4.6,3.8,4
Spring,2016,JEFFREY EPPINGER,CS,15437,WEB APPLCTN DEVLPMNT,C,Lect,8,9,0.89,8.38,4.5,4.88,4.88,3.88,4.75,4.75,4.88,4.88,4.5
Spring,2016,JEFFREY EPPINGER,CS,15437,WEB APPLCTN DEVLPMNT,D,Lect,6,8,0.75,11,4,4.67,4.33,4.17,4.5,4.67,4.5,4.5,4
Spring,2016,THIERRY SANS,CS,15437,WEB APPLCTN DEVLPMNT,W,Lect,12,15,0.80,14.42,3.75,4.08,4.25,3.5,4.17,3.92,3.42,3.58,3.83
Fall,2016,SUNSHINE J.,CS,15437,WEB APPLCTN DEVLPMNT,A,Lect,5,7,0.71,12.8,3.8,4,4.2,4,4,3.8,4,4,4.2
Fall,2016,GARROD C.,CS,15437,WEB APPLCTN DEVLPMNT,A,Lect,5,7,0.71,12.2,4.8,4.8,4.8,4.8,5,4.8,4.8,4.8,5
Fall,2016,SUNSHINE J.,CS,15437,WEB APPLCTN DEVLPMNT,B,Lect,4,5,0.80,10.25,4.25,4.5,4.25,4.75,4.75,4.5,5,4.25,4.5
Fall,2016,GARROD C.,CS,15437,WEB APPLCTN DEVLPMNT,B,Lect,4,5,0.80,10.25,4.75,5,4.5,4.75,4.5,4.5,5,4.75,4.5
Fall,2016,SUNSHINE J.,CS,15437,WEB APPLCTN DEVLPMNT,C,Lect,1,6,0.17,11,5,5,5,5,5,4,4,5,5
Fall,2016,GARROD C.,CS,15437,WEB APPLCTN DEVLPMNT,C,Lect,1,6,0.17,11,5,5,5,5,5,5,5,5,5
Fall,2016,SUNSHINE J.,CS,15437,WEB APPLCTN DEVLPMNT,D,Lect,3,4,0.75,11,4.67,4.33,4.67,4.67,4.33,5,5,5,5
Fall,2016,GARROD C.,CS,15437,WEB APPLCTN DEVLPMNT,D,Lect,3,4,0.75,11,5,4.67,5,5,5,5,5,5,5
Fall,2016,SUNSHINE J.,CS,15437,WEB APPLCTN DEVLPMNT,F,Lect,1,2,0.50,11,4,4,4,3,4,4,4,4,3
Fall,2016,GARROD C.,CS,15437,WEB APPLCTN DEVLPMNT,F,Lect,1,2,0.50,11,4,4,4,3,4,4,4,4,4
Spring,2015,JEFFREY EPPINGER,CS,15437,WEB APPLCTN DEVLPMNT,A,Lect,32,45,0.71,10.53,4.47,4.47,4.44,4.25,4.53,4.38,4.53,4.38,4.5
Fall,2015,CHARLES GARROD,CS,15437,WEB APPLCTN DEVLPMNT,A,Lect,11,15,0.73,11.27,4.73,4.2,4.45,4.18,4.45,4.45,4.73,4.73,4.55
Fall,2015,CHARLES GARROD,CS,15437,WEB APPLCTN DEVLPMNT,B,Lect,6,9,0.67,11.6,5,4.5,4.5,4.5,4.67,4.67,4.33,4.33,4.33
Fall,2015,CHARLES GARROD,CS,15437,WEB APPLCTN DEVLPMNT,C,Lect,3,5,0.60,14,4.33,4,4.67,3.67,3.67,4,4.67,4.33,4
Fall,2015,CHARLES GARROD,CS,15437,WEB APPLCTN DEVLPMNT,D,Lect,5,6,0.83,14.2,4.4,4.4,4.4,4.4,4.4,4.2,4.6,4.2,4.2
Spring,2014,JEFFREY EPPINGER,CS,15437,WEB APPLCTN DEVLPMNT,A,Lect,13,22,0.59,8.23,4.54,3.85,4.08,3.77,4.23,4.23,4.62,4.15,3.85
Spring,2014,JEFFREY EPPINGER,CS,15437,WEB APPLCTN DEVLPMNT,B,Lect,18,20,0.90,8.5,4.67,4.39,4.44,3.94,4.5,4.56,4.67,4.17,4.17
Fall,2014,CHARLES GARROD,CS,15437,WEB APPLCTN DEVLPMNT,A,Lect,9,21,0.43,14.13,4.33,4.22,4.44,4.22,4.56,4.33,4.67,4.44,4.44
Fall,2014,CHARLES GARROD,CS,15437,WEB APPLCTN DEVLPMNT,B,Lect,14,24,0.58,13.43,4.69,4.36,4.43,4.29,4.64,4.29,4.36,4.43,4.5
Fall,2014,CHARLES GARROD,CS,15437,WEB APPLCTN DEVLPMNT,C,Lect,9,19,0.47,14.22,4.89,4.78,4.78,4.44,4.89,4.78,4.78,4.78,4.78
Fall,2014,CHARLES GARROD,CS,15437,WEB APPLCTN DEVLPMNT,D,Lect,6,15,0.40,13.6,4.5,4.5,4.5,4,4.5,4.5,4.33,4.5,4.5
Fall,2014,THIERRY SANS,CS,15437,WEB APPLCTN DEVLPMNT,W,Lect,13,16,0.81,14.92,4.77,4.69,4.62,4.54,4.77,4.54,4.62,4.62,4.62
Spring,2013,JEFFREY EPPINGER,CS,15437,WEB APPLCTN DEVLPMNT,A,Lect,22,35,0.63,7.73,4.5,4.55,4.73,4.45,4.59,4.55,4.73,4.59,4.36
Fall,2013,CHARLES GARROD,CS,15437,WEB APPLCTN DEVLPMNT,A,Lect,7,10,0.70,9.71,5,4.86,4.86,4.71,4.71,4.86,4.86,4.86,4.86
Fall,2013,CHARLES GARROD,CS,15437,WEB APPLCTN DEVLPMNT,B,Lect,8,10,0.80,10.25,4.88,4.75,4.75,4.75,4.88,4.75,5,4.75,4.75
Fall,2013,CHARLES GARROD,CS,15437,WEB APPLCTN DEVLPMNT,C,Lect,7,16,0.44,11.43,4.57,4.71,4.43,4.29,4.43,4.57,4.86,4.57,4.71
Fall,2013,CHARLES GARROD,CS,15437,WEB APPLCTN DEVLPMNT,D,Lect,6,14,0.43,12.17,5,5,5,4.67,4.67,5,4.83,5,4.83
Spring,2012,JEFFREY EPPINGER,CS,15437,WEB APPLCTN DEVLPMNT,A,Lect,25,36,0.69,7.04,4.6,4.76,4.72,4.12,4.56,4.56,4.92,4.64,4.4
Fall,2012,CHARLES GARROD,CS,15437,WEB APPLCTN DEVLPMNT,A,Lect,17,27,0.63,8.53,4.18,4.29,4.12,4.12,3.94,4.06,4.47,4.29,3.69
Summer,2011,THIERRY SANS,CS,15437,WEB APPLCTN DEVLPMNT,S,Lect,7,7,1.00,11.43,4.14,3.71,4.43,3.71,4.57,3.71,4.29,4,4.14
Spring,2011,JEFFREY EPPINGER,CS,15437,WEB APPLCTN DEVLPMNT,A,Lect,26,47,0.55,6.5,4.15,4.42,4.31,4,4.31,4.27,4.42,4.08,4.04
Fall,2011,ANTHONY TOMASIC,CS,15437,WEB APPLCTN DEVLPMNT,A,Lect,21,42,0.50,8.57,3.57,3.52,3.67,3.05,3.8,3.52,4.05,3.38,3.14
Fall,2011,THIERRY SANS,CS,15437,WEB APPLCTN DEVLPMNT,W,Lect,9,12,0.75,10.63,4.44,4.33,4.33,3.89,4.33,4.44,4.67,4.44,4.44
Spring,2010,JEFFREY EPPINGER,CS,15437,WEB APPLCTN DEVLPMNT,A,Lect,35,54,0.65,6.11,4.09,4.26,4.17,3.86,4.29,4.14,4.43,4.11,3.94
Spring,2010,ANTHONY TOMASIC,CS,15437,WEB APPLCTN DEVLPMNT,A,Lect,35,54,0.65,6.04,3.6,3.6,3.6,3.36,3.6,3.56,4.12,3.48,3.68
Fall,2010,ANTHONY TOMASIC,CS,15437,WEB APPLCTN DEVLPMNT,A,Lect,16,36,0.44,7.14,3.56,3.88,4.06,3.88,3.69,3.88,4.06,3.56,3.56
Summer,2016,THOMAS SULLIVAN,ECE,18100,INTRO ELEC COMP ENG,E,Lect,18,37,0.49,20.44,4.56,4.39,4.5,3.72,4.56,4.33,4.83,4.28,4.72
Spring,2016,THOMAS SULLIVAN,ECE,18100,INTRO ELEC COMP ENG,1,Lect,72,116,0.62,10.16,3.9,4.04,4.11,3.63,4.21,3.96,4.37,3.8,3.77
Fall,2016,THOMAS SULLIVAN,ECE,18100,INTRO ELEC COMP ENG,1,Lect,77,144,0.53,11.3,3.92,3.93,3.83,3.43,3.93,3.63,4.38,3.66,3.59
Fall,2016,CARLEY L.,ECE,18100,INTRO ELEC COMP ENG,1,Lect,77,144,0.53,11.38,3.92,3.7,3.7,3.49,3.76,3.37,4.34,3.43,3.63
Summer,2015,THOMAS SULLIVAN,ECE,18100,INTRO ELEC COMP ENG,E,Lect,19,52,0.37,20.72,4.53,4.16,4.37,4.11,4.32,4.16,4.95,4.32,4.21
Spring,2015,THOMAS SULLIVAN,ECE,18100,INTRO ELEC COMP ENG,1,Lect,49,83,0.59,11.02,4.35,4.45,4.37,3.78,4.54,4.13,4.71,4.06,4.24
Spring,2015,HOE J.,ECE,18100,INTRO ELEC COMP ENG,1,Lect,49,83,0.59,10.11,4.51,4.47,4.57,4.12,4.59,4.4,4.71,4.49,4.51
Fall,2015,THOMAS SULLIVAN,ECE,18100,INTRO ELEC COMP ENG,1,Lect,111,146,0.76,11.42,3.96,4.01,4.14,3.48,4.14,3.68,4.42,3.59,3.76
Summer,2014,THOMAS SULLIVAN,ECE,18100,INTRO ELEC COMP ENG,E,Lect,25,44,0.57,20.6,4.54,4.58,4.54,4.25,4.71,4.29,4.83,4.46,4.38
Spring,2014,LUO Y.,ECE,18100,INTRO ELEC COMP ENG,1,Lect,50,98,0.51,10.59,3.51,3.45,3.45,3.2,3.63,3.1,3.84,2.98,3.29
Spring,2014,THOMAS SULLIVAN,ECE,18100,INTRO ELEC COMP ENG,1,Lect,50,98,0.51,10.96,3.96,3.82,3.68,3.66,4.02,3.46,4.1,3.42,3.43
Fall,2014,THOMAS SULLIVAN,ECE,18100,INTRO ELEC COMP ENG,1,Lect,87,167,0.52,11.02,4.3,4.33,4.19,3.69,4.45,4.04,4.52,4.09,4.2
Summer,2013,THOMAS SULLIVAN,ECE,18100,INTRO ELEC COMP ENG,E,Lect,11,31,0.35,20.18,4.45,4.18,4.36,3.91,4.27,4.45,4.64,4.36,4.27
Spring,2013,THOMAS SULLIVAN,ECE,18100,INTRO ELEC COMP ENG,1,Lect,45,103,0.44,12.16,4.2,4.14,4.02,3.64,4.23,3.93,4.41,3.88,3.88
Spring,2013,HOE J.,ECE,18100,INTRO ELEC COMP ENG,1,Lect,45,103,0.44,10.49,4.36,4.2,4.27,3.89,4.38,4.13,4.53,4.16,4.13
Fall,2013,THOMAS SULLIVAN,ECE,18100,INTRO ELEC COMP ENG,1,Lect,102,160,0.64,11.15,3.97,4.13,3.98,3.58,4.08,3.83,4.43,3.76,3.89
Fall,2013,HOE J.,ECE,18100,INTRO ELEC COMP ENG,1,Lect,102,160,0.64,10.12,4.27,4.28,4.26,3.88,4.32,4.21,4.42,4.14,4.16
Summer,2012,THOMAS SULLIVAN,ECE,18100,INTRO ELEC COMP ENG,E,Lect,20,40,0.50,12.35,4.1,4.1,4.2,3.7,4.6,4.15,4.6,4.05,3.9
Spring,2012,THOMAS SULLIVAN,ECE,18100,INTRO ELEC COMP ENG,1,Lect,38,82,0.46,10.45,3.84,3.71,3.79,3.29,3.79,3.68,4.34,3.53,3.74
Spring,2012,HOE J.,ECE,18100,INTRO ELEC COMP ENG,1,Lect,38,82,0.46,9.03,4.09,4.11,4.03,3.8,4.23,4.11,4.29,4.14,4.03
Fall,2012,THOMAS SULLIVAN,ECE,18100,INTRO ELEC COMP ENG,1,Lect,94,147,0.64,10.13,4.04,4.04,4.14,3.62,4.33,3.94,4.44,3.94,4.06
Fall,2012,HOE J.,ECE,18100,INTRO ELEC COMP ENG,1,Lect,94,147,0.64,9.18,4.34,4.22,4.2,3.94,4.32,4.21,4.5,4.11,4.22
Summer,2011,THOMAS SULLIVAN,ECE,18100,INTRO ELEC COMP ENG,E,Lect,8,21,0.38,14,4.75,4.13,4.13,3.25,4.25,4.25,4.63,4.63,4.5
Spring,2011,THOMAS SULLIVAN,ECE,18100,INTRO ELEC COMP ENG,1,Lect,43,72,0.60,9.71,4.16,4.28,4.37,3.81,4.49,4.14,4.7,3.98,4.07
Fall,2011,ZHU J.,ECE,18100,INTRO ELEC COMP ENG,1,Lect,100,174,0.57,9.77,4.54,4.23,4.34,4.27,4.57,4.52,4.7,4.43,4.27
Fall,2011,THOMAS SULLIVAN,ECE,18100,INTRO ELEC COMP ENG,1,Lect,100,174,0.57,10.05,3.95,3.97,3.96,3.67,4.19,3.78,4.53,3.69,3.89
Fall,2011,HOE J.,ECE,18100,INTRO ELEC COMP ENG,1,Lect,100,174,0.57,9.58,4.35,4.15,4.12,3.83,4.28,4.12,4.49,3.98,4.02
Summer,2010,THOMAS SULLIVAN,ECE,18100,INTRO ELEC COMP ENG,E,Lect,15,36,0.42,13.8,4.6,4.4,4.6,3.8,4.8,4.47,4.87,4.47,4.47
Spring,2010,ZHU J.,ECE,18100,INTRO ELEC COMP ENG,1,Lect,43,77,0.56,9.78,3.84,4.04,3.88,3.56,3.88,3.6,4.2,3.64,3.6
Spring,2010,THOMAS SULLIVAN,ECE,18100,INTRO ELEC COMP ENG,1,Lect,43,77,0.56,10.21,4.07,4.21,4.19,3.69,4.36,3.98,4.45,3.9,3.98
Fall,2010,ZHU J.,ECE,18100,INTRO ELEC COMP ENG,1,Lect,68,140,0.49,9.88,4.43,4.28,4.27,4.03,4.61,4.33,4.82,4.27,4.45
Fall,2010,THOMAS SULLIVAN,ECE,18100,INTRO ELEC COMP ENG,1,Lect,68,140,0.49,10.35,4.26,4.38,4.38,3.85,4.6,4.24,4.74,4.18,4.47
Summer,2016,BRIAN RAILING,ECE,18213,INTR CMPTR SYSTEMS,A,Lect,3,15,0.20,20.33,4.33,4,4.33,3.67,4.67,4.33,5,4.33,4.33
Spring,2016,GOLDSTEIN S.,ECE,18213,INTR CMPTR SYSTEMS,1,Lect,31,73,0.42,12.73,4.3,4.37,4.43,4,4.66,4.48,4.34,4.31,4.24
Spring,2016,FRANCHETTI F.,ECE,18213,INTR CMPTR SYSTEMS,1,Lect,31,73,0.42,12.48,4.27,4.13,4.03,3.77,4.33,4.1,4.5,4,4.2
Fall,2016,Bryant R.,ECE,18213,INTR CMPTR SYSTEMS,1,Lect,55,110,0.50,16.55,3.96,4.22,4.28,3.69,4.24,3.94,4.44,3.87,4.04
Fall,2016,GIBBONS P.,ECE,18213,INTR CMPTR SYSTEMS,1,Lect,55,110,0.50,16.59,3.77,3.88,3.88,3.46,3.87,3.6,4.13,3.61,3.79
Summer,2015,NATHANIEL FILARDO,ECE,18213,INTR CMPTR SYSTEMS,M,Lect,1,7,0.14,27,5,5,5,3,5,5,5,5,5
Spring,2015,GOLDSTEIN S.,ECE,18213,INTR CMPTR SYSTEMS,1,Lect,32,55,0.58,14.03,4.23,4.35,4.32,3.68,4.52,4.32,4.13,4.23,4.16
Spring,2015,FRANCHETTI F.,ECE,18213,INTR CMPTR SYSTEMS,1,Lect,32,55,0.58,13.7,3.65,3.29,3.29,3.16,3.35,3.16,4.03,3.03,3.52
Spring,2015,GREGORY KESDEN,ECE,18213,INTR CMPTR SYSTEMS,2,Lect,20,42,0.48,13.16,4.5,4.74,4.65,4.4,4.6,4.45,4.2,4.3,4.45
Fall,2015,Bryant R.,ECE,18213,INTR CMPTR SYSTEMS,1,Lect,59,114,0.52,14.45,3.98,4.14,4.12,3.63,4.29,3.88,4.37,3.85,4.08
Fall,2015,OHALLARON D.,ECE,18213,INTR CMPTR SYSTEMS,1,Lect,59,114,0.52,13.85,4.14,4.14,4.14,3.85,4.36,4.05,4.36,4.02,4.14
Summer,2014,GREGORY KESDEN,ECE,18213,INTR CMPTR SYSTEMS,M,Lect,5,14,0.36,18.2,4.8,4.4,4.8,4.6,4.6,4.8,4.6,4.8,4.8
Spring,2014,GOLDSTEIN S.,ECE,18213,INTR CMPTR SYSTEMS,1,Lect,61,101,0.60,16.57,4.42,4.42,4.52,4.36,4.62,4.52,4.52,4.45,4.44
Spring,2014,ROWE A.,ECE,18213,INTR CMPTR SYSTEMS,1,Lect,61,101,0.60,16.45,4.42,4.41,4.42,4.28,4.42,4.47,4.44,4.37,4.39
Spring,2014,GREGORY KESDEN,ECE,18213,INTR CMPTR SYSTEMS,2,Lect,30,54,0.56,16.03,4.43,4.28,4.31,3.93,4.52,4.03,4.07,4.1,4.4
Fall,2014,GANGER G.,ECE,18213,INTR CMPTR SYSTEMS,1,Lect,35,74,0.47,16.63,4.46,4.32,4.57,4.17,4.68,4.46,4.66,4.43,4.54
Fall,2014,OHALLARON D.,ECE,18213,INTR CMPTR SYSTEMS,1,Lect,35,74,0.47,15.94,4.42,4.32,4.5,4.06,4.59,4.32,4.58,4.3,4.42
Fall,2014,GREGORY KESDEN,ECE,18213,INTR CMPTR SYSTEMS,2,Lect,18,34,0.53,12.72,4.39,4.17,4.22,3.89,4.5,4.22,4.11,4.39,4.67
Summer,2013,GREGORY KESDEN,ECE,18213,INTR CMPTR SYSTEMS,M,Lect,6,17,0.35,15.33,3.83,4,4,3.67,4.17,4,3,4,4
Spring,2013,GOLDSTEIN S.,ECE,18213,INTR CMPTR SYSTEMS,1,Lect,34,80,0.43,14.97,4.18,4.35,4.38,3.94,4.53,4.41,4.56,4.35,4.5
Spring,2013,ROWE A.,ECE,18213,INTR CMPTR SYSTEMS,1,Lect,34,80,0.43,15,4.21,4.47,4.53,4.15,4.38,4.41,4.62,4.32,4.58
Spring,2013,GREGORY KESDEN,ECE,18213,INTR CMPTR SYSTEMS,2,Lect,20,25,0.80,18.32,4.4,4.35,4.4,4.3,4.5,4.4,4.35,4.4,4.75
Fall,2013,KESDEN G.,ECE,18213,INTR CMPTR SYSTEMS,1,Lect,50,84,0.60,15.71,4.32,4.28,4.28,4.1,4.35,4.25,4.23,4.25,4.47
Fall,2013,Bryant R.,ECE,18213,INTR CMPTR SYSTEMS,1,Lect,50,84,0.60,15.33,4.2,4.35,4.35,4.09,4.41,4.33,4.39,4.28,4.48
Fall,2013,OHALLARON D.,ECE,18213,INTR CMPTR SYSTEMS,1,Lect,50,84,0.60,15.4,4.27,4.43,4.43,4.16,4.43,4.45,4.45,4.34,4.48
Fall,2013,KESDEN G.,ECE,18213,INTR CMPTR SYSTEMS,2,Lect,22,38,0.58,14.73,4.68,4.45,4.57,3.95,4.64,4.41,3.64,4.32,4.45
Fall,2013,Bryant R.,ECE,18213,INTR CMPTR SYSTEMS,2,Lect,22,38,0.58,14.22,4,3.86,3.86,3.71,4,4,4,4,4
Fall,2013,OHALLARON D.,ECE,18213,INTR CMPTR SYSTEMS,2,Lect,22,38,0.58,16.43,3.86,3.86,3.86,3.86,4.14,4,4,4,4
Summer,2012,GREGORY KESDEN,ECE,18213,INTR CMPTR SYSTEMS,M,Lect,3,4,0.75,14,4.67,5,4.67,4,4.67,4.67,5,4.67,4.67
Spring,2012,MOWRY T.,ECE,18213,INTR CMPTR SYSTEMS,1,Lect,73,122,0.60,12.23,4.1,4.25,4.26,3.85,4.26,4.23,4.37,4.15,4.33
Spring,2012,ROWE A.,ECE,18213,INTR CMPTR SYSTEMS,1,Lect,73,122,0.60,12.32,4.32,4.26,4.34,4.09,4.42,4.44,4.41,4.38,4.34
Fall,2012,GANGER G.,ECE,18213,INTR CMPTR SYSTEMS,1,Lect,55,86,0.64,12.25,4.45,4.45,4.49,4.15,4.53,4.49,4.45,4.36,4.58
Fall,2012,OHALLARON D.,ECE,18213,INTR CMPTR SYSTEMS,1,Lect,55,86,0.64,12.17,4.49,4.4,4.51,4.31,4.58,4.4,4.6,4.38,4.56
Fall,2012,GREGORY KESDEN,ECE,18213,INTR CMPTR SYSTEMS,2,Lect,33,47,0.70,12.22,4.36,4.42,4.39,4.21,4.61,4.52,4.09,4.42,4.58
Fall,2011,GANGER G.,ECE,18213,INTR CMPTR SYSTEMS,1,Lect,37,64,0.58,12.5,4.57,4.68,4.68,4.22,4.7,4.46,4.65,4.49,4.57
Fall,2011,OHALLARON D.,ECE,18213,INTR CMPTR SYSTEMS,1,Lect,37,64,0.58,12.54,4.61,4.64,4.69,4.36,4.69,4.58,4.72,4.5,4.53
Fall,2011,GREGORY KESDEN,ECE,18213,INTR CMPTR SYSTEMS,2,Lect,13,22,0.59,12.38,4.38,4.38,4.46,4.23,4.46,4.54,4.23,4.31,4.54
Spring,2016,WELDON J.,ECE,18220,ELETRONC DEVC ANL CR,1,Lect,36,84,0.43,8.83,4.22,4.19,4.36,3.81,4.11,4.08,4.42,3.97,3.81
Spring,2016,KELLY S.,ECE,18220,ELETRONC DEVC ANL CR,1,Lect,36,84,0.43,8.75,4.33,4.14,4.25,3.81,4.17,4.14,4.44,4.11,3.86
Fall,2016,BAIN J.,ECE,18220,ELETRONC DEVC ANL CR,1,Lect,88,93,0.95,10.2,4.59,4.22,4.16,4.1,4.15,3.82,4.77,4.08,3.6
Fall,2016,KELLY S.,ECE,18220,ELETRONC DEVC ANL CR,1,Lect,88,93,0.95,10.16,4.53,4.28,4.24,4.15,4.28,4.14,4.68,4.18,3.68
Spring,2015,PILEGGI L.,ECE,18220,ELETRONC DEVC ANL CR,1,Lect,29,72,0.40,9.03,3.93,4.17,4.07,3.83,3.97,3.76,4.31,3.86,3.66
Spring,2015,WELDON J.,ECE,18220,ELETRONC DEVC ANL CR,1,Lect,29,72,0.40,9,4.34,4.24,4.21,3.97,4.14,3.93,4.41,4.14,3.72
Fall,2015,MUKHERJEE T.,ECE,18220,ELETRONC DEVC ANL CR,1,Lect,31,83,0.37,12.03,4.55,4.4,4.23,3.94,4.5,4.35,4.48,4.26,4.29
Fall,2015,KELLY S.,ECE,18220,ELETRONC DEVC ANL CR,1,Lect,31,83,0.37,11.97,4.39,4.06,4.13,3.9,4.29,4.35,4.61,4.23,4.19
Spring,2014,PILEGGI L.,ECE,18220,ELETRONC DEVC ANL CR,1,Lect,34,73,0.47,9.86,3.69,3.69,3.65,3.54,3.62,3.54,3.8,3.5,3.65
Spring,2014,WELDON J.,ECE,18220,ELETRONC DEVC ANL CR,1,Lect,34,73,0.47,11.14,4.09,4.16,4.06,3.84,4.03,3.78,4.38,3.88,4.06
Spring,2014,KELLY S.,ECE,18220,ELETRONC DEVC ANL CR,1,Lect,34,73,0.47,10.67,4.52,4.33,4.27,4.18,4.39,4.27,4.58,4.33,4.18
Fall,2014,MUKHERJEE T.,ECE,18220,ELETRONC DEVC ANL CR,1,Lect,33,66,0.50,10.9,4.27,4.15,4.06,3.85,4.15,3.94,4.24,4,4.18
Fall,2014,KELLY S.,ECE,18220,ELETRONC DEVC ANL CR,1,Lect,33,66,0.50,10.8,4.7,4.59,4.55,4.42,4.55,4.61,4.73,4.61,4.41
Spring,2013,PILEGGI L.,ECE,18220,ELETRONC DEVC ANL CR,1,Lect,38,72,0.53,10.86,4.17,4.11,4.14,3.67,4.39,3.94,4.36,4.03,4.11
Spring,2013,WELDON J.,ECE,18220,ELETRONC DEVC ANL CR,1,Lect,38,72,0.53,10.58,4.64,4.31,4.31,4.31,4.47,4.64,4.69,4.5,4.36
Fall,2013,MUKHERJEE T.,ECE,18220,ELETRONC DEVC ANL CR,1,Lect,36,67,0.54,10.5,4.47,4.25,4.19,3.94,4.34,4.17,4.47,4.08,4.14
Fall,2013,PILEGGI L.,ECE,18220,ELETRONC DEVC ANL CR,1,Lect,36,67,0.54,10.45,4.28,4.25,4.31,4.08,4.47,4.06,4.43,4.06,4.14
Spring,2012,RICKETTS D.,ECE,18220,ELETRONC DEVC ANL CR,1,Lect,58,99,0.59,8.29,4.02,4.04,4.12,3.96,4.08,4.25,4.37,4.13,3.88
Spring,2012,DAVID GREVE,ECE,18220,ELETRONC DEVC ANL CR,1,Lect,58,99,0.59,8.58,3.66,3.95,3.95,3.62,3.97,3.9,4.1,3.67,3.69
Fall,2012,GILGUNN P.,ECE,18220,ELETRONC DEVC ANL CR,1,Lect,27,58,0.47,9.62,3.54,3.31,3.35,3.23,3.42,3.31,3.81,3.2,2.65
Fall,2012,LUO Y.,ECE,18220,ELETRONC DEVC ANL CR,1,Lect,27,58,0.47,9.85,3.54,3.31,3.23,3.27,3.42,3.27,3.81,3.12,2.81
Spring,2011,DAVID GREVE,ECE,18220,ELETRONC DEVC ANL CR,1,Lect,31,64,0.48,8,3.55,3.87,3.74,3.16,3.65,3.87,3.9,3.65,3.32
Fall,2011,THOMAS SULLIVAN,ECE,18220,ELETRONC DEVC ANL CR,1,Lect,17,35,0.49,10.29,4.18,4.12,4.18,3.53,4.06,4.24,4.47,4.12,3.94
Fall,2011,TOWE E.,ECE,18220,ELETRONC DEVC ANL CR,1,Lect,17,35,0.49,9.94,3.35,3.41,3.41,2.82,3.82,3.12,3.71,3,3.35
Spring,2010,DAVID GREVE,ECE,18220,ELETRONC DEVC ANL CR,1,Lect,44,86,0.51,7.18,3.52,3.89,3.8,3.27,3.68,3.86,4.02,3.48,3.39
Fall,2010,THOMAS SULLIVAN,ECE,18220,ELETRONC DEVC ANL CR,1,Lect,30,60,0.50,10,3.6,3.73,3.63,3.43,3.67,3.7,3.97,3.43,3.4
Spring,2016,THOMAS D.,ECE,18240,STRC DES DIGTL SYSTM,1,Lect,83,83,1.00,12.29,4.62,4.77,4.78,4.29,4.71,4.68,4.76,4.49,4.41
Spring,2016,WILLIAM NACE,ECE,18240,STRC DES DIGTL SYSTM,1,Lect,83,83,1.00,12.2,4.77,4.78,4.9,4.46,4.8,4.83,4.76,4.75,4.49
Fall,2016,WILLIAM NACE,ECE,18240,STRC DES DIGTL SYSTM,1,Lect,86,86,1.00,14.26,4.87,4.84,4.83,4.32,4.84,4.62,4.95,4.64,4.34
Spring,2015,THOMAS D.,ECE,18240,STRC DES DIGTL SYSTM,1,Lect,87,89,0.98,13.12,4.69,4.75,4.71,4.34,4.64,4.51,4.78,4.23,4.51
Spring,2015,WILLIAM NACE,ECE,18240,STRC DES DIGTL SYSTM,1,Lect,87,89,0.98,13.13,4.87,4.82,4.86,4.57,4.8,4.84,4.84,4.81,4.6
Fall,2015,MISKOV-ZIVANOV N.,ECE,18240,STRC DES DIGTL SYSTM,1,Lect,85,86,0.99,14.29,4.28,4.45,4.46,3.87,4.11,4,4.73,3.67,4.32
Fall,2015,WILLIAM NACE,ECE,18240,STRC DES DIGTL SYSTM,1,Lect,85,86,0.99,14.35,4.84,4.76,4.84,4.42,4.76,4.87,4.88,4.81,4.38
Spring,2014,THOMAS D.,ECE,18240,STRC DES DIGTL SYSTM,1,Lect,70,75,0.93,12.49,4.76,4.8,4.77,4.36,4.63,4.67,4.83,4.53,4.59
Spring,2014,WILLIAM NACE,ECE,18240,STRC DES DIGTL SYSTM,1,Lect,70,75,0.93,12.46,4.87,4.89,4.83,4.5,4.8,4.83,4.86,4.76,4.6
Fall,2014,MISKOV-ZIVANOV N.,ECE,18240,STRC DES DIGTL SYSTM,1,Lect,87,87,1.00,14.7,4.18,3.95,3.97,3.62,3.85,3.46,4.76,3.34,4.23
Fall,2014,WILLIAM NACE,ECE,18240,STRC DES DIGTL SYSTM,1,Lect,87,87,1.00,14.73,4.89,4.78,4.85,4.53,4.88,4.8,4.9,4.81,4.57
Spring,2013,THOMAS D.,ECE,18240,STRC DES DIGTL SYSTM,1,Lect,85,86,0.99,12.88,4.79,4.87,4.88,4.47,4.8,4.75,4.89,4.68,4.73
Spring,2013,WILLIAM NACE,ECE,18240,STRC DES DIGTL SYSTM,1,Lect,85,86,0.99,12.9,4.89,4.87,4.89,4.56,4.85,4.89,4.92,4.86,4.75
Fall,2013,WILLIAM NACE,ECE,18240,STRC DES DIGTL SYSTM,1,Lect,100,102,0.98,13.54,4.73,4.71,4.83,4.27,4.77,4.75,4.81,4.78,4.64
Fall,2013,NURVITADHI E.,ECE,18240,STRC DES DIGTL SYSTM,1,Lect,100,102,0.98,12.16,4.08,4.14,4.08,4,4.11,3.98,4.53,3.81,4.26
Spring,2012,WILLIAM NACE,ECE,18240,STRC DES DIGTL SYSTM,1,Lect,53,58,0.91,10.4,4.58,4.69,4.69,4.06,4.56,4.56,4.79,4.54,4.38
Fall,2012,WILLIAM NACE,ECE,18240,STRC DES DIGTL SYSTM,1,Lect,106,110,0.96,11.93,4.75,4.76,4.81,4.15,4.89,4.69,4.83,4.65,4.46
Spring,2011,WILLIAM NACE,ECE,18240,STRC DES DIGTL SYSTM,1,Lect,67,69,0.97,10.55,4.36,4.49,4.46,3.94,4.4,4.43,4.55,4.27,4.15
Fall,2011,THOMAS D.,ECE,18240,STRC DES DIGTL SYSTM,1,Lect,86,86,1.00,11.99,4.3,4.49,4.53,4.02,4.41,4.22,4.5,4.1,4.1
Fall,2011,WILLIAM NACE,ECE,18240,STRC DES DIGTL SYSTM,1,Lect,86,86,1.00,11.84,4.44,4.53,4.47,4.26,4.47,4.39,4.44,4.28,4.22
Spring,2010,DIANA MARCULESCU,ECE,18240,STRC DES DIGTL SYSTM,1,Lect,43,80,0.54,11.28,3.58,4.02,4.09,3.33,4.02,4.16,4.28,3.88,3.67
Fall,2010,THOMAS D.,ECE,18240,STRC DES DIGTL SYSTM,1,Lect,79,81,0.98,10.47,4.19,4.34,4.46,3.85,4.39,4.41,4.59,4.2,4.16
Fall,2010,WILLIAM NACE,ECE,18240,STRC DES DIGTL SYSTM,1,Lect,79,81,0.98,10.53,4.25,4.46,4.47,3.97,4.43,4.43,4.58,4.29,4.24
Spring,2016,STERN R.,ECE,18290,SIGNALS & SYSTEMS,1,Lect,46,93,0.49,15.42,4.2,3.85,3.67,3.78,4.11,3.61,4.35,3.67,3.35
Spring,2016,SANKARANARAYANAN A.,ECE,18290,SIGNALS & SYSTEMS,1,Lect,46,93,0.49,15.26,4.17,4.09,4.11,3.98,4.07,4.2,4.35,4.13,3.63
Fall,2016,BYRON YU,ECE,18290,SIGNALS & SYSTEMS,1,Lect,72,115,0.63,12.42,4.5,4.47,4.5,4.01,4.52,4.48,4.58,4.38,4.37
Fall,2016,GROVER P.,ECE,18290,SIGNALS & SYSTEMS,1,Lect,72,115,0.63,12.51,4.55,4.46,4.48,4.15,4.45,4.44,4.63,4.39,4.37
Spring,2015,SINOPOLI B.,ECE,18290,SIGNALS & SYSTEMS,1,Lect,29,65,0.45,13.1,3.66,3.72,3.86,3.41,4.1,3.48,4,3.62,3.48
Spring,2015,GROVER P.,ECE,18290,SIGNALS & SYSTEMS,1,Lect,29,65,0.45,13.1,4.31,4.07,3.86,3.79,4.21,3.72,4.34,3.83,3.66
Fall,2015,BYRON YU,ECE,18290,SIGNALS & SYSTEMS,1,Lect,75,105,0.71,12.09,4.16,4.31,4.28,3.91,4.24,4.31,4.42,4.11,4.07
Fall,2015,GROVER P.,ECE,18290,SIGNALS & SYSTEMS,1,Lect,75,105,0.71,12.1,4.53,4.34,4.32,4.12,4.45,4.31,4.51,4.3,4.12
Spring,2014,SINOPOLI B.,ECE,18290,SIGNALS & SYSTEMS,1,Lect,53,59,0.90,10.6,3.44,3.17,3.12,2.83,3.29,2.88,3.86,2.83,2.85
Spring,2014,GROVER P.,ECE,18290,SIGNALS & SYSTEMS,1,Lect,53,59,0.90,10.76,3.9,3.37,3.46,3.13,3.6,3.25,4.17,3.25,2.94
Fall,2014,BHAGAVATULA V.,ECE,18290,SIGNALS & SYSTEMS,1,Lect,56,84,0.67,12.68,4.3,4.32,4.23,4.07,4.29,4.27,4.48,4.21,3.98
Fall,2014,BYRON YU,ECE,18290,SIGNALS & SYSTEMS,1,Lect,56,84,0.67,12.6,4.21,4.23,4.23,3.93,4.14,4.09,4.34,4.05,3.95
Spring,2013,SINOPOLI B.,ECE,18290,SIGNALS & SYSTEMS,1,Lect,67,72,0.93,11.82,3.64,3.51,3.55,3.25,3.52,3.15,4.1,3.1,3.34
Spring,2013,GROVER P.,ECE,18290,SIGNALS & SYSTEMS,1,Lect,67,72,0.93,11.82,4.43,4.04,4.13,4.06,4.16,4,4.51,4.07,3.67
Fall,2013,BYRON YU,ECE,18290,SIGNALS & SYSTEMS,1,Lect,57,95,0.60,11.72,4.05,4.25,4.19,3.77,3.93,4.11,4.26,4.02,3.44
Fall,2013,SANKARANARAYANAN A.,ECE,18290,SIGNALS & SYSTEMS,1,Lect,57,95,0.60,11.68,3.96,3.95,3.84,3.72,3.98,3.58,4.21,3.58,3.43
Spring,2012,SINOPOLI B.,ECE,18290,SIGNALS & SYSTEMS,1,Lect,26,40,0.65,10.08,3.42,3.04,3.19,2.8,3.19,2.88,3.77,2.92,3.58
Spring,2012,BYRON YU,ECE,18290,SIGNALS & SYSTEMS,1,Lect,26,40,0.65,9.68,4.2,4.33,4.16,3.8,4.16,4.42,4.48,4.33,4
Fall,2012,BYRON YU,ECE,18290,SIGNALS & SYSTEMS,1,Lect,67,96,0.70,10.96,4.36,4.52,4.55,3.93,4.27,4.39,4.52,4.42,4.15
Spring,2011,BRUNO SINOPOLI,ECE,18290,SIGNALS & SYSTEMS,1,Lect,40,43,0.93,9.43,3,3.17,3.05,2.73,3.03,2.7,3.65,2.47,2.75
Fall,2011,BRUCE KROGH,ECE,18290,SIGNALS & SYSTEMS,1,Lect,48,103,0.47,10.54,4.09,4.24,4.3,3.83,4.28,4.37,4.3,4.36,3.65
Fall,2011,THOMAS SULLIVAN,ECE,18290,SIGNALS & SYSTEMS,1,Lect,48,103,0.47,11,3.67,3.48,3.5,3.13,3.65,3.27,3.83,3.15,3.23
Spring,2010,THOMAS SULLIVAN,ECE,18290,SIGNALS & SYSTEMS,1,Lect,26,57,0.46,9.62,3.62,3.73,3.69,3.38,4,3.73,4.19,3.62,3.73
Spring,2010,THOMAS SULLIVAN,ECE,18290,SIGNALS & SYSTEMS,A,Lect,4,19,0.21,6.5,4.25,4,4.25,3.75,4,4.25,4.5,4.25,4
Fall,2010,BRUCE KROGH,ECE,18290,SIGNALS & SYSTEMS,1,Lect,39,104,0.38,9.31,4.21,4.33,4.33,3.74,4.26,4.28,4.15,4.18,3.97
Fall,2016,ELI KESSLER,ART,60130,3-D MEDIA STUDIO I,A1,Lect,8,13,0.62,11,4.63,4.75,4.63,4.5,4.88,4.88,5,4.57,4.83
Fall,2016,ELI KESSLER,ART,60130,3-D MEDIA STUDIO I,A2,Lect,9,12,0.75,13.78,4.22,4.44,4.22,4.11,3.89,4.33,4,4.22,4.22
Fall,2016,JOSEPH MANNINO,ART,60130,3-D MEDIA STUDIO I,B1,Lect,3,14,0.21,12,4.67,4.33,4.33,4.67,4.67,4.67,4.67,4.67,4.67
Fall,2016,JOSEPH MANNINO,ART,60130,3-D MEDIA STUDIO I,B2,Lect,5,11,0.45,8.6,4.8,4.8,4.4,4.6,4.4,4.4,4.8,4.8,4.6
Fall,2016,CAROL KUMATA,ART,60130,3-D MEDIA STUDIO I,C1,Lect,6,12,0.50,11,4.67,4.83,4.67,4.33,4.67,4.67,4.83,4.83,4.5
Fall,2016,CAROL KUMATA,ART,60130,3-D MEDIA STUDIO I,C2,Lect,7,12,0.58,12,3.71,4.14,4.14,4.43,3.57,4.14,4,4.14,4.29
Fall,2016,ZHIWAN CHEUNG,ART,60130,3-D MEDIA STUDIO I,D1,Lect,14,14,1.00,11.07,4,3.21,3.71,4.29,4,3.93,4.64,3.71,3.93
Fall,2016,ZHIWAN CHEUNG,ART,60130,3-D MEDIA STUDIO I,D2,Lect,15,16,0.94,9.47,3.8,3.8,4.07,4.07,3.93,3.87,4.07,3.73,3.67
Fall,2015,JOSHUA REIMAN,ART,60130,3-D MEDIA STUDIO I,A1,Lect,4,11,0.36,12.5,4.75,4.25,4.25,5,4,4.75,4.5,4.75,4.75
Fall,2015,JOSHUA REIMAN,ART,60130,3-D MEDIA STUDIO I,A2,Lect,7,10,0.70,15.17,4.43,4.86,4.86,4.71,4.71,5,4.86,4.71,4.86
Fall,2015,JOSEPH MANNINO,ART,60130,3-D MEDIA STUDIO I,B1,Lect,10,13,0.77,11.1,5,4.5,4.5,4.5,4.5,4.9,4.7,5,4.67
Fall,2015,JOSEPH MANNINO,ART,60130,3-D MEDIA STUDIO I,B2,Lect,9,14,0.64,10.78,4.67,4.67,4.33,4.78,4.22,4.44,4.56,4.67,4.44
Fall,2015,CAROL KUMATA,ART,60130,3-D MEDIA STUDIO I,C1,Lect,6,10,0.60,9,4.67,4.33,4.17,4.5,4.67,4.67,5,4.67,4.83
Fall,2015,CAROL KUMATA,ART,60130,3-D MEDIA STUDIO I,C2,Lect,5,9,0.56,14,4.6,4.6,4.8,5,4.8,4.6,4.8,4.8,4.6
Fall,2015,GREGORY WITT,ART,60130,3-D MEDIA STUDIO I,D1,Lect,7,12,0.58,11,4.57,3.57,3.71,3.86,4,3.71,5,3.86,4
Fall,2015,GREGORY WITT,ART,60130,3-D MEDIA STUDIO I,D2,Lect,7,9,0.78,12.43,4.29,3.86,4.14,4.14,4.14,4,4.86,4.14,4.14
Fall,2014,JOSHUA REIMAN,ART,60130,3-D MEDIA STUDIO I,A1,Lect,7,11,0.64,13.14,4.43,4.29,4.29,4.43,4.29,3.86,3.86,4.14,4.14
Fall,2014,JOSHUA REIMAN,ART,60130,3-D MEDIA STUDIO I,A2,Lect,11,12,0.92,10.45,4.73,4.55,4.55,4.45,4.45,4.45,4.73,4.73,4.82
Fall,2014,JOSEPH MANNINO,ART,60130,3-D MEDIA STUDIO I,B1,Lect,8,12,0.67,11.38,4.88,4.25,4.25,4.5,4.38,4.5,4.75,4.63,4.75
Fall,2014,JOSEPH MANNINO,ART,60130,3-D MEDIA STUDIO I,B2,Lect,4,14,0.29,16.5,4.75,4.75,4.5,4.5,5,4.5,4.75,4.5,4.5
Fall,2014,CASEY DROEGE,ART,60130,3-D MEDIA STUDIO I,C1,Lect,11,11,1.00,11,4.82,4.73,4.55,4.64,4.36,4.91,5,4.73,4.82
Fall,2014,CASEY DROEGE,ART,60130,3-D MEDIA STUDIO I,C2,Lect,9,10,0.90,11,4.56,4.78,4.78,4.67,4.75,4.75,4.75,4.63,4.63
Fall,2014,STEVEN GURYSH,ART,60130,3-D MEDIA STUDIO I,D1,Lect,10,11,0.91,9.5,3.1,2.56,3.5,3.5,3.5,3,4.3,2.9,3.1
Fall,2014,STEVEN GURYSH,ART,60130,3-D MEDIA STUDIO I,D2,Lect,5,11,0.45,8.6,4,3.4,3.4,4.2,4,4,4.8,3.6,3.6
Fall,2013,ALI MOMENI,ART,60130,3-D MEDIA STUDIO I,A1,Lect,9,10,0.90,18.78,4.22,3.44,3.89,3.75,4.33,4.11,3.89,3.67,3.78
Fall,2013,ALI MOMENI,ART,60130,3-D MEDIA STUDIO I,A2,Lect,11,11,1.00,20.27,4.55,4.55,4.45,4.45,4.55,4,4.27,4.09,4.27
Fall,2013,JOSHUA REIMAN,ART,60130,3-D MEDIA STUDIO I,B1,Lect,8,11,0.73,13.75,4.63,4.5,4.13,4.13,4.63,4.5,4.63,4.5,4.25
Fall,2013,JOSHUA REIMAN,ART,60130,3-D MEDIA STUDIO I,B2,Lect,11,11,1.00,15.7,4.8,4.82,4.73,4.55,4.64,4.64,4.82,4.82,4.64
Fall,2013,SETH PAYNE,ART,60130,3-D MEDIA STUDIO I,C1,Lect,8,12,0.67,11,4.63,4.25,4.38,4.38,4,4.13,4.88,4.13,4.13
Fall,2013,SETH PAYNE,ART,60130,3-D MEDIA STUDIO I,C2,Lect,7,12,0.58,10.29,3.86,4.71,4.43,4,3.57,3.71,4.29,4.29,4.14
Fall,2013,CAROL KUMATA,ART,60130,3-D MEDIA STUDIO I,D1,Lect,5,11,0.45,9.2,4.6,4.8,4.4,4.8,4.4,4.6,5,4.6,4.4
Fall,2013,CAROL KUMATA,ART,60130,3-D MEDIA STUDIO I,D2,Lect,6,8,0.75,10.17,3.5,4.33,4.33,4.33,4,4.17,4.17,4.17,4.17
Fall,2012,JONATHAN ARMISTEAD,ART,60130,3-D MEDIA STUDIO I,A1,Lect,2,8,0.25,12.5,4,4,4.5,3.5,3.5,3,3.5,4,4
Fall,2012,JONATHAN ARMISTEAD,ART,60130,3-D MEDIA STUDIO I,A2,Lect,4,7,0.57,11,4.5,4.5,4.5,4.75,4.5,4.75,4.25,4.5,4.5
Fall,2012,ALI MOMENI,ART,60130,3-D MEDIA STUDIO I,B1,Lect,6,9,0.67,10,3.83,3,2.83,4.17,4.17,2.83,5,3.67,3.83
Fall,2012,ALI MOMENI,ART,60130,3-D MEDIA STUDIO I,B2,Lect,10,13,0.77,8,3.8,3.9,3.7,4.1,3.8,3.7,3.8,4,3.6
Fall,2012,CAROL KUMATA,ART,60130,3-D MEDIA STUDIO I,C1,Lect,4,10,0.40,10.25,3.5,3.25,4,3.5,3.75,3.25,3.75,3.75,3.5
Fall,2012,CAROL KUMATA,ART,60130,3-D MEDIA STUDIO I,C2,Lect,4,9,0.44,8.75,3.5,3.75,3.75,4,3.75,3.75,4,4,3.75
Fall,2012,JOSEPH MANNINO,ART,60130,3-D MEDIA STUDIO I,D1,Lect,6,13,0.46,8.5,4.33,4.17,3.83,4.5,4.67,4.33,4.5,4.17,4.17
Fall,2012,JOSEPH MANNINO,ART,60130,3-D MEDIA STUDIO I,D2,Lect,6,10,0.60,8.5,4.33,4.17,4,4.33,3.83,4.33,4.33,4.33,4.33
Fall,2011,MICHAEL PERDRIEL,ART,60130,3-D MEDIA STUDIO I,A1,Lect,5,7,0.71,7.4,4.4,4.2,4,4.2,4.2,4.8,5,4.4,4.2
Fall,2011,MICHAEL PERDRIEL,ART,60130,3-D MEDIA STUDIO I,A2,Lect,4,7,0.57,7,4.25,4.75,4.75,4.25,4.25,4.75,5,4.5,4.5
Fall,2011,WADE KRAMM,ART,60130,3-D MEDIA STUDIO I,B1,Lect,4,11,0.36,11,4.5,3.75,3.5,4.75,4.25,4.25,4.75,4.5,4.5
Fall,2011,WADE KRAMM,ART,60130,3-D MEDIA STUDIO I,B2,Lect,4,8,0.50,10.25,5,5,5,4.75,4.5,5,5,4.75,4.75
Fall,2011,JOSEPH MANNINO,ART,60130,3-D MEDIA STUDIO I,C1,Lect,6,12,0.50,9.5,4.5,4.5,3.83,4.67,4.83,4.67,4.83,4.67,4.67
Fall,2011,JOSEPH MANNINO,ART,60130,3-D MEDIA STUDIO I,C2,Lect,8,15,0.53,9.13,4.38,4.5,4.5,4.63,4.88,4.5,4.38,4.63,4.25
Fall,2011,CAROL KUMATA,ART,60130,3-D MEDIA STUDIO I,D1,Lect,2,8,0.25,8,2.5,3,4,4,4,4,3.5,3,3
Fall,2011,CAROL KUMATA,ART,60130,3-D MEDIA STUDIO I,D2,Lect,10,11,0.91,9.5,4.2,4.4,4.1,4.3,4,4.2,4.4,4.2,4
Spring,2010,GREGORY WITT,ART,60130,3-D MEDIA STUDIO I,A3,Lect,6,16,0.38,7.5,4,3.5,3.67,4,3.17,3.5,4.5,3.67,4.17
Spring,2010,GREGORY WITT,ART,60130,3-D MEDIA STUDIO I,A4,Lect,4,7,0.57,11,3.75,4,4.5,4,3.5,4.25,4.5,3.75,3.75
Spring,2010,DEE BRIGGS,ART,60130,3-D MEDIA STUDIO I,B3,Lect,9,13,0.69,11,4.78,5,4.89,4.56,4.78,5,4.89,4.89,4.89
Spring,2010,DEE BRIGGS,ART,60130,3-D MEDIA STUDIO I,B4,Lect,9,16,0.56,11,4.33,4.63,4.44,4.67,4.33,4.67,4.44,4.67,4.78
Spring,2010,JOSEPH MANNINO,ART,60130,3-D MEDIA STUDIO I,C3,Lect,7,14,0.50,9.71,4.71,4.86,4.86,4.71,4.86,4.71,5,4.86,4.71
Spring,2010,JOSEPH MANNINO,ART,60130,3-D MEDIA STUDIO I,C4,Lect,5,14,0.36,8.6,4.4,4.4,4.2,4.6,4.4,4.8,4.6,4.6,4.6
Spring,2010,CAROL KUMATA,ART,60130,3-D MEDIA STUDIO I,D3,Lect,2,13,0.15,14,4.5,4,4,4.5,5,5,5,5,4.5
Spring,2010,CAROL KUMATA,ART,60130,3-D MEDIA STUDIO I,D4,Lect,9,14,0.64,9.67,4,4.44,4.33,4.11,3.89,4.56,4.56,4,4
Fall,2010,RON BENNETT,ART,60130,3-D MEDIA STUDIO I,A1,Lect,2,7,0.29,6.5,3.5,4,3.5,3,4,4,4,4,3
Fall,2010,RON BENNETT,ART,60130,3-D MEDIA STUDIO I,A2,Lect,4,8,0.50,9.5,5,4.75,4.75,5,4.75,5,5,4.75,4.75
Fall,2010,DEE BRIGGS,ART,60130,3-D MEDIA STUDIO I,B1,Lect,7,13,0.54,10.57,4.57,4.29,4.29,4.57,4.86,4.71,4.57,4.57,4.71
Fall,2010,DEE BRIGGS,ART,60130,3-D MEDIA STUDIO I,B2,Lect,8,11,0.73,11,5,4.75,4.88,4.88,4.75,5,5,5,4.88
Fall,2010,JOSEPH MANNINO,ART,60130,3-D MEDIA STUDIO I,C1,Lect,6,15,0.40,9.5,5,4.5,4.33,4.83,4.83,4.83,5,5,4.67
Fall,2010,JOSEPH MANNINO,ART,60130,3-D MEDIA STUDIO I,C2,Lect,7,14,0.50,9.71,4.43,4.57,4.57,4.71,4.29,4.43,4.14,4.29,4.57
Fall,2010,ALLISON REEVES,ART,60130,3-D MEDIA STUDIO I,D1,Lect,9,14,0.64,10,4.22,4,3.89,4.11,3.78,3.78,4.67,4.22,4.11
Fall,2010,ALLISON REEVES,ART,60130,3-D MEDIA STUDIO I,D2,Lect,6,13,0.46,11,4.33,4.5,4.83,5,4.83,4.83,4.83,4.67,4.67
Spring,2017,PHILLIP SCARPONE,ART,60131,3D MEDIA STUDIO II,A3,Lect,8,12,0.67,9.88,4.5,4.25,4.25,4.38,4.25,4.38,4.5,4.38,4.25
Spring,2017,CAROL KUMATA,ART,60131,3D MEDIA STUDIO II,B3,Lect,5,14,0.36,11,4,4,3.6,4,4,4,4.2,4,3.4
Spring,2017,ROBERT BINGHAM,ART,60131,3D MEDIA STUDIO II,C3,Lect,6,13,0.46,10.17,4.67,3.67,4,4.67,4,4,4.83,4.5,4
Spring,2017,ZHIWAN CHEUNG,ART,60131,3D MEDIA STUDIO II,D3,Lect,8,8,1.00,9.71,3.63,4.25,4.25,4.5,3.88,3.88,3.5,4,3.88
Spring,2016,JOSEPH MANNINO,ART,60131,3D MEDIA STUDIO II,A3,Lect,6,11,0.55,12.17,4.83,4.67,4.83,4.33,4.67,4.67,4.8,4.8,4.4
Spring,2016,JOSEPH MANNINO,ART,60131,3D MEDIA STUDIO II,A4,Lect,4,7,0.57,10.25,4.75,4.75,4.75,4.75,5,5,4.5,4.5,4.5
Spring,2016,CAROL KUMATA,ART,60131,3D MEDIA STUDIO II,B3,Lect,5,9,0.56,11.6,3.8,3.6,3.8,4.4,3.8,3.4,4.6,3.8,3.8
Spring,2016,CAROL KUMATA,ART,60131,3D MEDIA STUDIO II,B4,Lect,2,12,0.17,9.5,4.5,4.5,4.5,4.5,4.5,4.5,5,5,5
Spring,2016,ROBERT BINGHAM,ART,60131,3D MEDIA STUDIO II,C3,Lect,1,12,0.08,8,5,5,5,5,5,5,5,5,5
Spring,2016,ROBERT BINGHAM,ART,60131,3D MEDIA STUDIO II,C4,Lect,10,13,0.77,10.1,5,4.5,4.5,4.7,4.4,4.3,4.8,4.7,4.8
Spring,2016,DAKOTAH KONICEK,ART,60131,3D MEDIA STUDIO II,D3,Lect,3,5,0.60,11,4.67,4.33,4.67,5,4.67,5,5,4.67,4.33
Spring,2016,DAKOTAH KONICEK,ART,60131,3D MEDIA STUDIO II,D4,Lect,3,5,0.60,9.5,5,4,4.33,4.67,4.33,5,5,4.67,4.67
Spring,2015,JOSHUA REIMAN,ART,60131,3D MEDIA STUDIO II,A3,Lect,11,12,0.92,11.3,4.45,4.36,4.27,4.55,4.64,4.55,3.82,4.18,4.36
Spring,2015,JOSHUA REIMAN,ART,60131,3D MEDIA STUDIO II,A4,Lect,10,13,0.77,13.2,4.6,4.7,4.6,5,4.5,4.6,4.3,4.7,4.7
Spring,2015,CAROL KUMATA,ART,60131,3D MEDIA STUDIO II,B3,Lect,4,11,0.36,12.5,4,3.25,3.75,3.5,4.25,3.5,4.25,4,3.75
Spring,2015,CAROL KUMATA,ART,60131,3D MEDIA STUDIO II,B4,Lect,10,13,0.77,10.4,4.1,4.5,4.2,4.1,3.9,4.3,4.3,4.33,4.2
Spring,2015,ROBERT BINGHAM,ART,60131,3D MEDIA STUDIO II,C3,Lect,3,10,0.30,9,4.67,4,4,5,4.33,4.33,5,4.67,4.67
Spring,2015,ROBERT BINGHAM,ART,60131,3D MEDIA STUDIO II,C4,Lect,3,5,0.60,12,5,5,5,5,5,5,5,5,5
Spring,2014,JONATHAN ARMISTEAD,ART,60131,3D MEDIA STUDIO II,B3,Lect,1,7,0.14,8,5,3,4,5,3,4,4,4,4
Spring,2014,JONATHAN ARMISTEAD,ART,60131,3D MEDIA STUDIO II,B4,Lect,3,5,0.60,10,4.33,3.67,4,3.67,4.67,4.33,4.33,3.67,3.67
Spring,2014,JOSHUA REIMAN,ART,60131,3D MEDIA STUDIO II,C3,Lect,10,12,0.83,13.3,4.78,4.8,4.9,4.8,4.6,4.67,4.9,4.7,4.8
Spring,2014,JOSHUA REIMAN,ART,60131,3D MEDIA STUDIO II,C4,Lect,8,12,0.67,11,4.63,4.63,4.63,4.75,4.75,4.63,4.5,4.63,4.63
Spring,2014,CASEY DROEGE,ART,60131,3D MEDIA STUDIO II,D3,Lect,5,9,0.56,12.2,4.4,4.6,5,4.6,4.4,4.6,5,4.6,4.4
Spring,2014,CASEY DROEGE,ART,60131,3D MEDIA STUDIO II,D4,Lect,11,13,0.85,11.36,4.45,4.55,4.64,4.27,4.18,4.64,4.82,4.55,4.27
Spring,2013,CAROL KUMATA,ART,60131,3D MEDIA STUDIO II,A3,Lect,3,8,0.38,13,4.33,4.67,4.33,4.67,4,4.33,4.67,4.67,4.67
Spring,2013,CAROL KUMATA,ART,60131,3D MEDIA STUDIO II,A4,Lect,2,11,0.18,6.5,4,3.5,3.5,4.5,3.5,4.5,4.5,4,4
Spring,2013,JOSEPH MANNINO,ART,60131,3D MEDIA STUDIO II,B3,Lect,1,11,0.09,8,3,3,3,2,2,3,3,3,3
Spring,2013,JOSEPH MANNINO,ART,60131,3D MEDIA STUDIO II,B4,Lect,6,11,0.55,13.67,4.5,4.33,4.33,4.17,4.4,4.17,3.83,4,4.33
Spring,2013,JONATHAN ARMISTEAD,ART,60131,3D MEDIA STUDIO II,C3,Lect,4,10,0.40,10.25,5,4.25,4.25,5,4.75,4.5,5,5,4.5
Spring,2013,JONATHAN ARMISTEAD,ART,60131,3D MEDIA STUDIO II,C4,Lect,2,12,0.17,9.5,4.5,4.5,4.5,4.5,4.5,4.5,4.5,4.5,4.5
Spring,2012,CAROL KUMATA,ART,60131,3D MEDIA STUDIO II,A3,Lect,3,11,0.27,10,4.33,4.33,4,4.67,4,4.67,4.67,4.67,4.67
Spring,2012,CAROL KUMATA,ART,60131,3D MEDIA STUDIO II,A4,Lect,5,9,0.56,11.6,3.6,3.6,3.4,4,3,3.2,3.6,3.6,3.4
Spring,2012,JOSEPH MANNINO,ART,60131,3D MEDIA STUDIO II,B3,Lect,1,6,0.17,8,5,5,5,5,5,5,5,5,5
Spring,2012,JOSEPH MANNINO,ART,60131,3D MEDIA STUDIO II,B4,Lect,4,5,0.80,9.5,5,4.75,4.75,5,4,4.5,5,5,4.75
Spring,2012,ALI MOMENI,ART,60131,3D MEDIA STUDIO II,C3,Lect,2,7,0.29,9.5,5,4.5,5,5,4,5,5,4.5,4.5
Spring,2012,ALI MOMENI,ART,60131,3D MEDIA STUDIO II,C4,Lect,8,10,0.80,8.86,4.75,4.75,4.75,4.5,4.5,4.38,4.75,4.63,4.5
Spring,2012,JILL MILLER,ART,60131,3D MEDIA STUDIO II,D4,Lect,8,9,0.89,9.13,4.38,4.25,4.5,4.5,4.25,4.5,4.75,4.25,4.25
Spring,2011,CAROL KUMATA,ART,60131,3D MEDIA STUDIO II,A4,Lect,8,12,0.67,9.5,4.63,4.63,4.75,4.63,4.25,4.63,4.75,4.63,4.63
Spring,2011,JOSEPH MANNINO,ART,60131,3D MEDIA STUDIO II,B3,Lect,3,13,0.23,8,5,5,5,5,4.67,5,5,5,5
Spring,2011,JOSEPH MANNINO,ART,60131,3D MEDIA STUDIO II,B4,Lect,8,12,0.67,10.25,5,4.88,4.88,4.75,4.88,4.88,5,5,4.75
Spring,2011,DEE BRIGGS,ART,60131,3D MEDIA STUDIO II,C3,Lect,7,15,0.47,8.86,4.57,3,3.29,4.14,4.29,3.43,4.86,4.43,3.43
Spring,2011,DEE BRIGGS,ART,60131,3D MEDIA STUDIO II,C4,Lect,6,13,0.46,10,4,4,4.33,4.33,4.17,4,4.17,4,3.5
Spring,2011,JILL MILLER,ART,60131,3D MEDIA STUDIO II,D3,Lect,4,13,0.31,11.75,4.75,4.25,4.25,4.25,4.25,4,4,4.5,4.5
Spring,2011,JILL MILLER,ART,60131,3D MEDIA STUDIO II,D4,Lect,4,7,0.57,7.25,4.25,4,4.25,4.75,4.75,4.25,3.5,4,3.75
Spring,2016,JAMIE GRUZSKA,ART,60141,B & W PHOTOGRAPHY I,A,Lect,1,4,0.25,11,5,4,5,5,4,4,5,5,5
Fall,2016,MARTIN PREKOP,ART,60141,B & W PHOTOGRAPHY I,A,Lect,3,5,0.60,13.33,4,4.33,4.33,5,5,4.67,4.67,4.67,4.67
Fall,2016,ELIZABETH GRIFFIN,ART,60141,B & W PHOTOGRAPHY I,B,Lect,5,5,1.00,9.8,5,5,5,5,5,5,4.6,5,4.8
Fall,2016,AARON BLUM,ART,60141,B & W PHOTOGRAPHY I,C,Lect,1,2,0.50,11,4,5,4,4,4,4,5,4,4
Spring,2015,JAMIE GRUZSKA,ART,60141,B & W PHOTOGRAPHY I,A,Lect,2,4,0.50,8,5,3,3.5,4,5,5,4.5,3.5,4.5
Spring,2015,ELIZABETH GRIFFIN,ART,60141,B & W PHOTOGRAPHY I,B,Lect,2,2,1.00,9.5,4.5,3.5,3.5,5,5,4,4.5,5,4.5
Spring,2015,PATRICIA MAURIDES,ART,60141,B & W PHOTOGRAPHY I,C,Lect,2,4,0.50,11,5,5,4.5,5,5,5,5,5,5
Fall,2015,JAMIE GRUZSKA,ART,60141,B & W PHOTOGRAPHY I,A,Lect,3,5,0.60,14.33,5,5,5,5,5,5,5,5,5
Fall,2015,AARON BLUM,ART,60141,B & W PHOTOGRAPHY I,C,Lect,2,5,0.40,5,4.5,5,4.5,4.5,5,4.5,5,4,4
Spring,2014,JAMIE GRUZSKA,ART,60141,B & W PHOTOGRAPHY I,A,Lect,3,5,0.60,9,5,5,4.67,4.67,4.67,5,5,5,5
Spring,2014,IVETTE SPRADLIN,ART,60141,B & W PHOTOGRAPHY I,B,Lect,1,2,0.50,11,5,5,5,5,5,5,5,5,5
Spring,2014,PATRICIA MAURIDES,ART,60141,B & W PHOTOGRAPHY I,C,Lect,1,4,0.25,11,5,5,5,5,5,5,5,5,5
Fall,2014,JAMIE GRUZSKA,ART,60141,B & W PHOTOGRAPHY I,A,Lect,3,4,0.75,9,4.67,4.33,4.33,4.67,4.33,4.33,4.67,4.33,4.33
Fall,2014,IVETTE SPRADLIN,ART,60141,B & W PHOTOGRAPHY I,B,Lect,4,5,0.80,10.25,5,5,5,5,4.75,4.75,4.75,4.75,4.75
Spring,2013,ELIZABETH GRIFFIN,ART,60141,B & W PHOTOGRAPHY I,A,Lect,6,10,0.60,8.5,5,5,5,5,5,5,5,5,5
Spring,2013,JAMIE GRUZSKA,ART,60141,B & W PHOTOGRAPHY I,B,Lect,5,6,0.83,11,4.8,4,4.4,4,4.8,4.8,5,4.2,4.2
Spring,2013,IVETTE SPRADLIN,ART,60141,B & W PHOTOGRAPHY I,C,Lect,3,6,0.50,8,4.33,4.33,4,4.33,4,4.33,5,4.33,4.33
Fall,2013,IVETTE SPRADLIN,ART,60141,B & W PHOTOGRAPHY I,A,Lect,4,4,1.00,12.5,5,5,5,5,5,5,5,5,5
Fall,2013,PATRICIA MAURIDES,ART,60141,B & W PHOTOGRAPHY I,B,Lect,1,4,0.25,2,5,5,5,5,5,5,5,5,5
Spring,2012,JAMIE GRUZSKA,ART,60141,B & W PHOTOGRAPHY I,A,Lect,4,4,1.00,8.75,5,3.75,4.75,4.75,5,4.75,5,4.75,4.75
Spring,2012,IVETTE SPRADLIN,ART,60141,B & W PHOTOGRAPHY I,B,Lect,3,5,0.60,9,4.67,4.67,4.67,4.67,4.67,4.67,4.67,4.33,4.67
Fall,2012,ELIZABETH GRIFFIN,ART,60141,B & W PHOTOGRAPHY I,A,Lect,3,5,0.60,10,5,5,5,5,4.67,5,5,5,5
Fall,2012,JAMIE GRUZSKA,ART,60141,B & W PHOTOGRAPHY I,B,Lect,4,7,0.57,11.75,5,4.75,4.75,5,4.75,4.5,5,4.5,5
Fall,2012,IVETTE SPRADLIN,ART,60141,B & W PHOTOGRAPHY I,C,Lect,2,2,1.00,12.5,4.5,3,3.5,3.5,4,3,4.5,4,5
Spring,2011,MARK PERROTT,ART,60141,B & W PHOTOGRAPHY I,A,Lect,5,7,0.71,8,5,5,4.8,5,5,4.8,5,5,5
Spring,2011,JAMIE GRUZSKA,ART,60141,B & W PHOTOGRAPHY I,B,Lect,6,7,0.86,10.5,4.83,4.5,4.5,4.67,4.8,4.83,4.67,4.67,4.33
Spring,2011,IVETTE SPRADLIN,ART,60141,B & W PHOTOGRAPHY I,C,Lect,3,5,0.60,9,4,3.67,4,4.33,4,4,4.33,4,4
Fall,2011,MARK PERROTT,ART,60141,B & W PHOTOGRAPHY I,A,Lect,1,4,0.25,8,5,5,4,4,5,4,4,4,4
Fall,2011,MARTIN PREKOP,ART,60141,B & W PHOTOGRAPHY I,C,Lect,4,7,0.57,11,4.5,4,5,5,4.75,4.75,4.5,4.75,4.75
Spring,2010,MARK PERROTT,ART,60141,B & W PHOTOGRAPHY I,A,Lect,2,8,0.25,11,5,5,5,5,5,5,5,5,5
Spring,2010,JENNIFER MORRIS,ART,60141,B & W PHOTOGRAPHY I,B,Lect,4,6,0.67,9.5,5,5,5,5,4.75,5,5,5,5
Spring,2010,JENNIFER MORRIS,ART,60141,B & W PHOTOGRAPHY I,C,Lect,2,5,0.40,9.5,5,5,5,5,5,5,5,5,5
Fall,2010,MARK PERROTT,ART,60141,B & W PHOTOGRAPHY I,A,Lect,4,4,1.00,8.75,5,5,5,4.25,4.5,5,5,4.75,4.75
Fall,2010,ELIZABETH GRIFFIN,ART,60141,B & W PHOTOGRAPHY I,B,Lect,5,6,0.83,9.8,4.8,4.8,5,4.6,4.8,5,4.4,4.8,5
Fall,2010,IVETTE SPRADLIN,ART,60141,B & W PHOTOGRAPHY I,C,Lect,3,3,1.00,11,5,4,4.33,5,4.33,5,5,5,4.67
Fall,2016,ECHO EGGEBRECHT,ART,60150,2D MDA STD: DRAWING,A,Lect,8,14,0.57,7.63,4.13,2.75,2.63,4.13,4.25,3.5,4.38,3.63,3.88
Fall,2016,DEVAN SHIMOYAMA,ART,60150,2D MDA STD: DRAWING,B,Lect,11,17,0.65,11.36,3.91,4.27,4.18,4.09,4,4.27,4.18,3.91,3.82
Fall,2016,ANDREW JOHNSON,ART,60150,2D MDA STD: DRAWING,C,Lect,11,15,0.73,13.36,4.55,3.45,3.55,4.09,4.27,4.27,4.27,4.18,4.18
Fall,2016,REBECCA SLEMMONS,ART,60150,2D MDA STD: DRAWING,D,Lect,14,14,1.00,12.08,4.64,4.71,4.57,4.71,4.57,4.54,4.79,4.57,4.64
Fall,2015,KIMBERLY BECK,ART,60150,2D MDA STD: DRAWING,A,Lect,10,13,0.77,10.4,4.1,3.2,3.3,3.6,3.8,3.7,4.7,3.8,3.7
Fall,2015,ECHO EGGEBRECHT,ART,60150,2D MDA STD: DRAWING,B,Lect,8,9,0.89,11.75,4,2.25,1.88,2.88,3.13,2.38,3.5,2.88,2.88
Fall,2015,ANDREW JOHNSON,ART,60150,2D MDA STD: DRAWING,C,Lect,7,13,0.54,15,4.86,4.43,4.57,4.71,4.86,4.5,4.71,4.86,5
Fall,2015,ECHO EGGEBRECHT,ART,60150,2D MDA STD: DRAWING,D,Lect,8,14,0.57,15.38,4.5,3.13,2.88,4.13,4,4,4.25,3.75,3.88
Fall,2014,CLAYTON MERRELL,ART,60150,2D MDA STD: DRAWING,A,Lect,8,17,0.47,12.63,4.63,4.5,4.75,4.5,4.63,4.75,4.88,4.63,4.63
Fall,2014,ANDREW JOHNSON,ART,60150,2D MDA STD: DRAWING,B,Lect,9,14,0.64,15.22,4.44,3.56,3.56,4.44,4.22,4.11,4,4.11,4.22
Fall,2014,DEVAN SHIMOYAMA,ART,60150,2D MDA STD: DRAWING,C,Lect,12,15,0.80,11.83,4.33,4.17,4,4.17,4.33,4.08,4.67,4.33,4.33
Fall,2013,ANDREW JOHNSON,ART,60150,2D MDA STD: DRAWING,A,Lect,12,16,0.75,15.83,4.67,3.92,4.17,4.67,4.75,4.42,4.5,4.55,4.33
Fall,2013,CLAIRE STIGLIANI,ART,60150,2D MDA STD: DRAWING,B,Lect,14,16,0.88,14.29,4.43,4.29,4,4.21,4.29,4.29,4.36,4.29,4.21
Fall,2013,ANDREW JOHNSON,ART,60150,2D MDA STD: DRAWING,C,Lect,11,17,0.65,14.78,4.36,3.55,3.27,4.09,3.91,4,4.18,4,4
Fall,2012,PATRICIA BELLAN-GILLEN,ART,60150,2D MDA STD: DRAWING,A,Lect,7,14,0.50,9.71,5,4.57,4.43,4.86,4.43,4.71,4.86,4.86,4.86
Fall,2012,ANDREW JOHNSON,ART,60150,2D MDA STD: DRAWING,B,Lect,8,13,0.62,11.75,4,2.75,2.63,3.5,3.75,2.25,3.75,2.88,3
Fall,2012,MARY WEIDNER,ART,60150,2D MDA STD: DRAWING,C,Lect,11,15,0.73,10.45,4.73,4.64,4.73,4.27,4.45,4.45,4.55,4.55,4.64
Fall,2012,KRISTEN KOVAK,ART,60150,2D MDA STD: DRAWING,D,Lect,7,8,0.88,8.43,4.71,4.71,5,4.71,4.57,4.71,4.86,4.57,4.43
Fall,2011,MARY WEIDNER,ART,60150,2D MDA STD: DRAWING,A,Lect,11,16,0.69,11,4.64,4.45,4.45,4.18,4.27,4.09,4.55,4.27,4.27
Fall,2011,PATRICIA BELLAN-GILLEN,ART,60150,2D MDA STD: DRAWING,B,Lect,18,20,0.90,10.83,4.72,4.5,4.56,4.72,4.78,4.72,4.78,4.83,4.78
Fall,2011,ANDREW JOHNSON,ART,60150,2D MDA STD: DRAWING,C,Lect,13,18,0.72,9.62,3.92,2.23,2.15,3.54,3.54,2.69,3.62,2.92,2.92
Fall,2010,KIMBERLY BECK,ART,60150,2D MDA STD: DRAWING,A,Lect,4,14,0.29,10,4.25,2.5,3.25,4,4.25,3.75,4,3.5,3.5
Fall,2010,CLAYTON MERRELL,ART,60150,2D MDA STD: DRAWING,B,Lect,10,18,0.56,11.3,5,5,4.9,4.9,4.8,4.9,5,4.9,4.89
Fall,2010,JESSICA LANGLEY,ART,60150,2D MDA STD: DRAWING,C,Lect,12,15,0.80,11.75,3.75,3,3.08,2.58,2.83,2.67,3.17,2.5,2.75
Fall,2010,NATALIE SETTLES,ART,60150,2D MDA STD: DRAWING,D,Lect,10,14,0.71,12.5,4.8,4.6,4.6,4.6,4.5,4.6,4.9,4.6,4.6
Spring,2016,KRISTEN KOVAK,ART,60157,DRAWING NON-MAJORS,A,Lect,9,12,0.75,12.33,5,4.33,4.67,4.56,4.56,4.67,5,4.78,4.56
Fall,2016,KRISTEN KOVAK,ART,60157,DRAWING NON-MAJORS,A,Lect,10,13,0.77,11.38,4.7,4.6,4.7,4.9,4.6,4.7,4.5,4.4,4.5
Spring,2015,KRISTEN KOVAK,ART,60157,DRAWING NON-MAJORS,A,Lect,11,13,0.85,13,4.73,4.64,4.73,4.64,4.82,4.91,4.91,4.91,4.73
Fall,2015,PETER MANDRADJIEFF,ART,60157,DRAWING NON-MAJORS,A,Lect,8,11,0.73,6.13,4,3.88,3.75,3.75,4,3.75,4.13,3.75,3.88
Spring,2014,KRISTEN KOVAK,ART,60157,DRAWING NON-MAJORS,A,Lect,14,14,1.00,12.29,4.86,4.36,4.5,4.43,4.62,4.79,4.85,4.79,4.69
Fall,2014,KRISTEN KOVAK,ART,60157,DRAWING NON-MAJORS,A,Lect,12,14,0.86,10.75,4.92,4.5,4.55,4.5,4.58,4.67,4.92,4.92,4.73
Fall,2013,KRISTEN KOVAK,ART,60157,DRAWING NON-MAJORS,A,Lect,4,4,1.00,12.5,5,4.75,4.75,5,5,5,5,5,5
Spring,2017,LEONARD VUOCOLO,CMY,09101,INTRO EXPERMNTL CHEM,13,Lect,18,55,0.33,8.5,4.5,4.28,4.33,3.94,4.06,4.39,4.39,4.28,3.94
Spring,2017,SILVA G.,CMY,09101,INTRO EXPERMNTL CHEM,13,Lect,18,55,0.33,8.38,4.06,4.19,4.06,4.06,4,4.06,4.25,4.06,4.06
Summer,2016,CAROLYN NEIDERLANDER,CMY,09101,INTRO EXPERMNTL CHEM,E,Lect,1,2,0.50,8,5,5,5,5,5,5,5,5,5
Summer,2016,CAROLYN NEIDERLANDER,CMY,09101,INTRO EXPERMNTL CHEM,U,Lect,3,6,0.50,6,4.67,4.33,4.33,4,4.33,3.33,4.67,4,4
Spring,2016,LEONARD VUOCOLO,CMY,09101,INTRO EXPERMNTL CHEM,13,Lect,16,35,0.46,8,4,3.88,3.81,3.56,3.56,3.69,3.94,3.56,3.25
Spring,2016,LEONARD VUOCOLO,CMY,09101,INTRO EXPERMNTL CHEM,14,Lect,17,28,0.61,11.65,3.94,4.06,3.82,3.59,3.53,3.82,4,3.65,3.59
Spring,2016,TERRANCE MURPHY,CMY,09101,INTRO EXPERMNTL CHEM,W4,Lect,7,7,1.00,8.5,4.5,4.5,4.33,4.17,4.33,4.17,4.67,4.5,4.33
Spring,2016,BACHU R.,CMY,09101,INTRO EXPERMNTL CHEM,W4,Lect,7,7,1.00,7,4.43,4.57,4.57,4.14,4.29,4.57,4.57,4.71,4.86
Summer,2015,CAROLYN NEIDERLANDER,CMY,09101,INTRO EXPERMNTL CHEM,E,Lect,2,4,0.50,8,4.5,4.5,4,5,5,3.5,5,4,4.5
Spring,2015,LEONARD VUOCOLO,CMY,09101,INTRO EXPERMNTL CHEM,13,Lect,9,30,0.30,7,4.56,4.44,4.56,3.89,4.44,4.44,4.67,4.22,4.22
Spring,2015,LEONARD VUOCOLO,CMY,09101,INTRO EXPERMNTL CHEM,14,Lect,11,28,0.39,7.18,4.91,4.73,4.73,4.09,4.73,4.64,5,4.64,4.09
Spring,2015,TERRANCE MURPHY,CMY,09101,INTRO EXPERMNTL CHEM,W4,Lect,7,9,0.78,11.57,5,5,4.86,4.86,5,4.86,5,4.86,4.71
Summer,2014,CAROLYN NEIDERLANDER,CMY,09101,INTRO EXPERMNTL CHEM,E,Lect,4,4,1.00,13.5,4.75,4.5,4.75,4.25,4.75,4.75,4.75,4.5,4.75
Summer,2014,CAROLYN NEIDERLANDER,CMY,09101,INTRO EXPERMNTL CHEM,U,Lect,1,2,0.50,5,5,5,5,5,5,5,5,5,5
Spring,2014,LEONARD VUOCOLO,CMY,09101,INTRO EXPERMNTL CHEM,13,Lect,11,28,0.39,7.73,4.27,4.36,4.18,3.45,4.09,4.18,4.18,4.09,3.82
Spring,2014,LEONARD VUOCOLO,CMY,09101,INTRO EXPERMNTL CHEM,14,Lect,8,13,0.62,7.63,4.38,4.13,4.14,4,4.14,4.57,4.71,3.86,4
Spring,2014,TERRANCE MURPHY,CMY,09101,INTRO EXPERMNTL CHEM,W4,Lect,11,12,0.92,8.91,4.45,4.64,4.64,3.91,4.18,4.82,4.9,4.64,4.36
Summer,2013,CAROLYN NEIDERLANDER,CMY,09101,INTRO EXPERMNTL CHEM,E,Lect,4,7,0.57,9.5,4.75,4.5,4.5,4.5,4.5,3.75,5,4.75,4.75
Summer,2013,CAROLYN NEIDERLANDER,CMY,09101,INTRO EXPERMNTL CHEM,U,Lect,2,8,0.25,6.5,4.5,4,4,4.5,4.5,3.5,4.5,4.5,4
Spring,2013,LEONARD VUOCOLO,CMY,09101,INTRO EXPERMNTL CHEM,13,Lect,8,25,0.32,6.5,4.5,4.38,4.38,4.13,4.25,4.25,4.88,4.5,3.75
Spring,2013,LEONARD VUOCOLO,CMY,09101,INTRO EXPERMNTL CHEM,14,Lect,11,25,0.44,7.18,4.45,4.27,4.18,3.82,4.09,4.18,4.45,4.09,4.27
Spring,2013,TERRANCE MURPHY,CMY,09101,INTRO EXPERMNTL CHEM,W4,Lect,7,13,0.54,8.43,4.71,4.43,4.71,4.57,4.57,4.71,4.67,4.71,4.57
Summer,2012,CAROLYN NEIDERLANDER,CMY,09101,INTRO EXPERMNTL CHEM,E,Lect,6,9,0.67,6.5,4.17,4,4,3.67,4,3.5,4.5,4,4
Spring,2012,LEONARD VUOCOLO,CMY,09101,INTRO EXPERMNTL CHEM,13,Lect,5,19,0.26,5.6,4.8,4.6,4.4,4.2,3.8,4.2,4.8,4.4,4
Summer,2011,CAROLYN NEIDERLANDER,CMY,09101,INTRO EXPERMNTL CHEM,E,Lect,3,5,0.60,8,3.33,2.67,2.67,2.67,2.33,2,4.33,2.67,3
Spring,2011,LEONARD VUOCOLO,CMY,09101,INTRO EXPERMNTL CHEM,13,Lect,10,29,0.34,7.7,4.9,4.7,4.5,4,4.5,4.5,4.9,4.8,4.6
Fall,2011,LEONARD VUOCOLO,CMY,09101,INTRO EXPERMNTL CHEM,11,Lect,10,27,0.37,8.3,4,4.3,4.3,3.8,4,4.5,4.5,4.4,4.1
Fall,2011,LEONARD VUOCOLO,CMY,09101,INTRO EXPERMNTL CHEM,12,Lect,7,16,0.44,7.57,4.43,4.14,4,4,4.14,4,4.86,4.14,3.71
Fall,2011,TERRANCE MURPHY,CMY,09101,INTRO EXPERMNTL CHEM,W2,Lect,5,6,0.83,8,5,5,5,4.6,5,4.8,5,4.8,4.8
Spring,2010,LEONARD VUOCOLO,CMY,09101,INTRO EXPERMNTL CHEM,13,Lect,9,27,0.33,8.33,4.67,4.89,4.56,4.44,4.22,4.38,4.89,4.44,4
Fall,2010,LEONARD VUOCOLO,CMY,09101,INTRO EXPERMNTL CHEM,11,Lect,12,29,0.41,7.25,4.42,4.5,4.18,4.25,4,4.5,4.83,4.33,3.83
Fall,2010,LEONARD VUOCOLO,CMY,09101,INTRO EXPERMNTL CHEM,12,Lect,17,30,0.57,6.76,4.35,4.59,4.59,4.12,4.24,4.41,4.53,4.29,4.29
Summer,2016,CHARLES HENDERSON,CMY,09105,INTRO MOD CHEMSTRY I,E,Lect,6,10,0.60,9.5,4.67,4.17,4.17,4.33,4.5,3.83,4.83,4.17,4.17
Summer,2016,LEONARD VUOCOLO,CMY,09105,INTRO MOD CHEMSTRY I,S,Lect,8,8,1.00,12.63,4.63,4.38,4.5,4,4.5,4.25,4.63,4.25,3.88
Summer,2016,CHARLES HENDERSON,CMY,09105,INTRO MOD CHEMSTRY I,U,Lect,3,9,0.33,10,5,4,4,4.33,5,4.67,5,4.33,4.67
Spring,2016,LEONARD VUOCOLO,CMY,09105,INTRO MOD CHEMSTRY I,1,Lect,66,102,0.65,10.23,3.76,3.71,3.75,3.18,3.37,3.35,4.05,3.29,3.29
Fall,2016,LEONARD VUOCOLO,CMY,09105,INTRO MOD CHEMSTRY I,1,Lect,111,171,0.65,10.57,3.81,3.93,4.03,3.43,3.7,3.67,3.81,3.48,3.41
Fall,2016,LEONARD VUOCOLO,CMY,09105,INTRO MOD CHEMSTRY I,2,Lect,73,129,0.57,10.41,3.92,4.23,4.21,3.37,3.78,3.75,3.99,3.63,3.52
Fall,2016,RAVICHANDRA BACHU,CMY,09105,INTRO MOD CHEMSTRY I,W,Lect,16,22,0.73,10.56,4.87,4.87,4.73,4.67,4.67,4.93,4.87,4.87,4.6
Summer,2015,CHARLES HENDERSON,CMY,09105,INTRO MOD CHEMSTRY I,E,Lect,7,12,0.58,12.86,4.71,4.71,4.57,4.29,4.71,4.57,5,4.71,4.57
Summer,2015,CHARLES HENDERSON,CMY,09105,INTRO MOD CHEMSTRY I,U,Lect,8,21,0.38,11.5,4.88,4.13,4,4.13,4.88,4.25,5,4,4
Spring,2015,LEONARD VUOCOLO,CMY,09105,INTRO MOD CHEMSTRY I,1,Lect,51,92,0.55,8.59,4.22,3.96,3.9,3.84,3.84,3.69,4.29,3.78,3.55
Fall,2015,LEONARD VUOCOLO,CMY,09105,INTRO MOD CHEMSTRY I,1,Lect,105,160,0.66,10,3.97,4.27,4.16,3.59,3.89,3.84,4.19,3.83,3.66
Fall,2015,LEONARD VUOCOLO,CMY,09105,INTRO MOD CHEMSTRY I,2,Lect,73,111,0.66,9.54,4.05,3.99,3.99,3.6,3.7,3.74,4.15,3.66,3.56
Fall,2015,TERRANCE MURPHY,CMY,09105,INTRO MOD CHEMSTRY I,W,Lect,7,14,0.50,12.29,4.71,4.14,4.43,4.29,4.86,4.43,4.57,4.57,4.29
Summer,2014,CHARLES HENDERSON,CMY,09105,INTRO MOD CHEMSTRY I,E,Lect,3,8,0.38,13,5,4.33,4.67,4.67,4.33,4.33,4.67,4.67,4.5
Summer,2014,CHARLES HENDERSON,CMY,09105,INTRO MOD CHEMSTRY I,U,Lect,3,11,0.27,11,5,5,5,5,5,5,5,5,5
Spring,2014,LEONARD VUOCOLO,CMY,09105,INTRO MOD CHEMSTRY I,1,Lect,55,70,0.79,9.22,4.27,4.15,4.07,3.94,3.89,4.08,4.54,4.02,3.83
Fall,2014,LEONARD VUOCOLO,CMY,09105,INTRO MOD CHEMSTRY I,1,Lect,72,133,0.54,9,4.18,4.07,3.96,3.58,3.72,3.94,4.39,3.82,3.81
Fall,2014,LEONARD VUOCOLO,CMY,09105,INTRO MOD CHEMSTRY I,2,Lect,62,106,0.58,9.63,4,3.82,3.77,3.54,3.76,3.74,4.08,3.66,3.52
Fall,2014,TERRANCE MURPHY,CMY,09105,INTRO MOD CHEMSTRY I,3,Lect,9,19,0.47,12.13,4.56,4.11,4.22,3.89,4.44,4.11,4.75,4.33,4.44
Summer,2013,CHARLES HENDERSON,CMY,09105,INTRO MOD CHEMSTRY I,E,Lect,6,12,0.50,10.5,4.67,3.83,4.5,4.33,5,4.17,4.67,4.5,4.5
Summer,2013,CHARLES HENDERSON,CMY,09105,INTRO MOD CHEMSTRY I,U,Lect,8,16,0.50,9.63,4.88,3.75,4,4.13,4.63,4.13,5,4.25,3.88
Spring,2013,LEONARD VUOCOLO,CMY,09105,INTRO MOD CHEMSTRY I,1,Lect,46,95,0.48,9.09,3.57,3.54,3.57,3.13,3.28,3.13,4.09,3,3
Fall,2013,LEONARD VUOCOLO,CMY,09105,INTRO MOD CHEMSTRY I,1,Lect,128,138,0.93,10.2,3.79,3.67,3.65,3.34,3.57,3.26,4.05,3.39,3.39
Fall,2013,LEONARD VUOCOLO,CMY,09105,INTRO MOD CHEMSTRY I,2,Lect,89,96,0.93,10.22,4.01,3.77,3.67,3.26,3.62,3.29,4.2,3.36,3.17
Summer,2012,CHARLES HENDERSON,CMY,09105,INTRO MOD CHEMSTRY I,E,Lect,6,8,0.75,10,4.83,4,3.83,4.17,4,4.17,4.5,4.33,4.33
Summer,2012,LEONARD VUOCOLO,CMY,09105,INTRO MOD CHEMSTRY I,S,Lect,5,16,0.31,12.2,4.2,4.4,4.2,4,4.4,4.4,4.6,4.4,4
Spring,2012,PAUL KAROL,CMY,09105,INTRO MOD CHEMSTRY I,1,Lect,49,86,0.57,5.87,3.53,3.47,3.29,3.08,3.51,3.12,4.35,3.06,3.04
Fall,2012,LEONARD VUOCOLO,CMY,09105,INTRO MOD CHEMSTRY I,1,Lect,93,159,0.58,9.15,3.65,3.56,3.48,3.1,3.53,3.15,4.04,3.23,3.23
Fall,2012,LEONARD VUOCOLO,CMY,09105,INTRO MOD CHEMSTRY I,2,Lect,66,116,0.57,8.84,3.65,3.52,3.32,3.12,3.35,3.06,4.12,3.11,2.88
Fall,2012,TERRANCE MURPHY,CMY,09105,INTRO MOD CHEMSTRY I,3,Lect,12,18,0.67,7.75,5,4.83,4.67,4.83,4.83,4.83,5,4.83,4.75
Fall,2012,TERRANCE MURPHY,CMY,09105,INTRO MOD CHEMSTRY I,W,Lect,12,18,0.67,8.27,5,4.92,4.82,4.82,4.91,4.91,4.91,4.91,4.73
Summer,2011,KELLY CHACON-MADRID,CMY,09105,INTRO MOD CHEMSTRY I,E,Lect,3,7,0.43,10,4.33,4.33,4,4.33,3.67,4,5,3.67,4
Spring,2011,PAUL KAROL,CMY,09105,INTRO MOD CHEMSTRY I,1,Lect,53,103,0.51,6.18,3.51,3.6,3.55,3.04,3.47,3.29,4.42,3.08,2.92
Fall,2011,PAUL KAROL,CMY,09105,INTRO MOD CHEMSTRY I,1,Lect,81,141,0.57,6.65,3.38,3.41,3.23,2.93,3.33,2.98,4.26,2.86,2.99
Fall,2011,PAUL KAROL,CMY,09105,INTRO MOD CHEMSTRY I,2,Lect,57,93,0.61,7.62,3.75,3.7,3.63,3.32,3.93,3.35,4.45,3.25,3.33
Summer,2010,CHARLES HENDERSON,CMY,09105,INTRO MOD CHEMSTRY I,E,Lect,1,6,0.17,11,5,5,4,3,5,4,5,4,4
Summer,2010,LEONARD VUOCOLO,CMY,09105,INTRO MOD CHEMSTRY I,S,Lect,5,16,0.31,11.6,4.4,4.2,3.8,3.2,4.2,3.4,5,3.6,3.4
Spring,2010,PAUL KAROL,CMY,09105,INTRO MOD CHEMSTRY I,1,Lect,72,124,0.58,5.92,3.86,4.14,3.83,3.39,3.96,3.56,4.42,3.58,3.53
Fall,2010,PAUL KAROL,CMY,09105,INTRO MOD CHEMSTRY I,1,Lect,86,155,0.55,6.92,3.83,3.83,3.67,3.4,3.84,3.37,4.31,3.37,3.38
Fall,2010,PAUL KAROL,CMY,09105,INTRO MOD CHEMSTRY I,2,Lect,63,99,0.64,6.6,3.52,3.83,3.56,3.06,3.63,3.3,4.3,3.24,3.27
Spring,2016,DAVID YARON,CMY,09106,MODERN CHEMISTRY II,1,Lect,64,116,0.55,7.97,3.89,3.72,3.72,3.47,3.66,3.33,4.38,3.33,3.41
Spring,2016,TERRANCE MURPHY,CMY,09106,MODERN CHEMISTRY II,W,Lect,13,15,0.87,13.15,4.46,3.92,4.08,3.77,4.46,3.92,4.23,4.08,4.15
Spring,2016,BACHU R.,CMY,09106,MODERN CHEMISTRY II,W,Lect,13,15,0.87,12.58,4.46,4.46,4.31,3.85,4.31,4.46,4.85,4.31,4.38
Fall,2016,GARY PATTERSON,CMY,09106,MODERN CHEMISTRY II,1,Lect,55,82,0.67,6.81,4.33,3.45,3.51,3.69,4.04,3.33,3.53,3.36,3.53
Summer,2015,LEONARD VUOCOLO,CMY,09106,MODERN CHEMISTRY II,S,Lect,4,7,0.57,19.75,4.5,4,3.75,3.5,3.75,3.25,5,3.75,3.25
Spring,2015,DAVID YARON,CMY,09106,MODERN CHEMISTRY II,1,Lect,76,136,0.56,8.24,3.75,3.67,3.63,3.21,3.69,3.33,4.26,3.17,3.39
Spring,2015,TERRANCE MURPHY,CMY,09106,MODERN CHEMISTRY II,2,Lect,9,11,0.82,13.11,5,4.89,4.78,4.67,4.89,4.89,5,4.78,4.67
Fall,2015,DAVID YARON,CMY,09106,MODERN CHEMISTRY II,1,Lect,51,65,0.78,7.78,4.02,3.96,4.14,3.83,3.98,4,4.36,3.84,3.86
Summer,2014,LEONARD VUOCOLO,CMY,09106,MODERN CHEMISTRY II,E,Lect,2,3,0.67,20.5,4,4.5,5,4,4,3.5,5,4,4
Spring,2014,DAVID YARON,CMY,09106,MODERN CHEMISTRY II,1,Lect,78,124,0.63,7.74,3.69,3.59,3.42,2.99,3.49,2.86,4.22,2.83,3.35
Spring,2014,TERRANCE MURPHY,CMY,09106,MODERN CHEMISTRY II,2,Lect,13,13,1.00,12.31,4.62,4.54,4.54,4.5,4.54,4.62,4.92,4.77,4.69
Fall,2014,DAVID YARON,CMY,09106,MODERN CHEMISTRY II,1,Lect,35,54,0.65,7.74,4.11,4.06,4.03,3.69,4.11,3.97,4.6,3.74,3.74
Spring,2013,DAVID YARON,CMY,09106,MODERN CHEMISTRY II,1,Lect,80,150,0.53,9.7,3.66,3.82,3.78,3.33,3.88,3.52,4.36,3.44,3.69
Spring,2013,TERRANCE MURPHY,CMY,09106,MODERN CHEMISTRY II,2,Lect,7,11,0.64,10.57,4.86,4.57,4.43,4.57,4.86,4.29,4.86,4.57,4.57
Fall,2013,DAVID YARON,CMY,09106,MODERN CHEMISTRY II,1,Lect,24,49,0.49,8.75,3.75,3.87,3.96,3.75,3.88,3.5,4.21,3.38,3.83
Spring,2012,LEONARD VUOCOLO,CMY,09106,MODERN CHEMISTRY II,1,Lect,56,100,0.56,9.82,3.86,3.95,3.93,3.21,3.7,3.64,4.27,3.59,3.45
Fall,2012,DAVID YARON,CMY,09106,MODERN CHEMISTRY II,1,Lect,31,57,0.54,7.6,4,3.9,3.9,3.29,3.94,3.81,4.48,3.6,3.7
Spring,2011,LEONARD VUOCOLO,CMY,09106,MODERN CHEMISTRY II,1,Lect,68,126,0.54,8.84,4.13,4.19,4,3.67,3.76,3.93,4.18,3.78,3.68
Fall,2011,LEONARD VUOCOLO,CMY,09106,MODERN CHEMISTRY II,1,Lect,22,51,0.43,9.09,4.23,4.23,4.09,3.95,3.95,3.95,4.41,3.86,3.55
Fall,2011,TERRANCE MURPHY,CMY,09106,MODERN CHEMISTRY II,2,Lect,4,4,1.00,8.75,4.5,4.25,4.25,4.25,4.75,4.5,4.75,4.25,4.25
Spring,2010,LEONARD VUOCOLO,CMY,09106,MODERN CHEMISTRY II,1,Lect,76,142,0.54,8.92,4.01,4.11,4.04,3.34,3.7,3.7,4,3.49,3.46
Spring,2010,TERRANCE MURPHY,CMY,09106,MODERN CHEMISTRY II,2,Lect,2,3,0.67,8,3.5,4,4,4.5,4.5,4,4.5,3.5,3.5
Fall,2010,LEONARD VUOCOLO,CMY,09106,MODERN CHEMISTRY II,1,Lect,28,49,0.57,8.96,4.11,4.25,4.11,3.61,4.11,3.86,4.5,3.82,3.79
Spring,2016,GIZELLE SHERWOOD,CMY,09221,LAB I: INTR CHMY ANL,1,Lect,39,90,0.43,17.13,4.36,4.33,4.46,3.87,4.23,4.28,3.72,4.23,4.1
Fall,2016,KAREN STUMP,CMY,09221,LAB I: INTR CHMY ANL,1,Lect,9,24,0.38,12,4.22,4.13,4.56,4.22,4.44,4.78,4.11,4.44,4.22
Spring,2015,GIZELLE SHERWOOD,CMY,09221,LAB I: INTR CHMY ANL,1,Lect,43,81,0.53,19.6,4.42,4.23,4.3,3.88,4.19,4.12,3.58,4.12,3.67
Fall,2015,KAREN STUMP,CMY,09221,LAB I: INTR CHMY ANL,1,Lect,53,84,0.63,15.58,4.64,4.64,4.58,4.3,4.42,4.49,4.66,4.38,4.25
Fall,2015,TERRANCE MURPHY,CMY,09221,LAB I: INTR CHMY ANL,W,Lect,4,11,0.36,15.75,4,4.75,5,4.5,4.75,5,4.75,4.25,4.25
Spring,2014,GIZELLE SHERWOOD,CMY,09221,LAB I: INTR CHMY ANL,1,Lect,35,79,0.44,17.11,4.09,3.91,4.15,3.77,4.11,3.94,3.31,3.77,3.66
Fall,2014,KAREN STUMP,CMY,09221,LAB I: INTR CHMY ANL,1,Lect,56,97,0.58,14.73,4.46,4.38,4.45,4.04,4.27,4.5,4.59,4.43,4.27
Fall,2014,TERRANCE MURPHY,CMY,09221,LAB I: INTR CHMY ANL,W,Lect,10,15,0.67,18.11,4,4.2,4.1,3.6,4,4.2,4.1,4.3,4.3
Spring,2013,GIZELLE SHERWOOD,CMY,09221,LAB I: INTR CHMY ANL,1,Lect,48,85,0.56,18,4.35,4.15,4.17,3.81,4.13,4.08,3.73,3.96,3.96
Fall,2013,KAREN STUMP,CMY,09221,LAB I: INTR CHMY ANL,1,Lect,60,111,0.54,15.36,4.62,4.4,4.5,4.1,4.32,4.42,4.72,4.33,4.23
Spring,2012,GIZELLE SHERWOOD,CMY,09221,LAB I: INTR CHMY ANL,1,Lect,50,95,0.53,13.14,4.4,4.24,4.32,3.8,4.16,4.3,4.2,4.24,4.12
Fall,2012,KAREN STUMP,CMY,09221,LAB I: INTR CHMY ANL,1,Lect,36,87,0.41,13.31,4.34,4.23,4.26,3.66,4.29,4.2,4.6,4.2,3.89
Fall,2012,TERRANCE MURPHY,CMY,09221,LAB I: INTR CHMY ANL,W,Lect,7,8,0.88,12.29,4,4.14,3.86,3.86,4.29,4,4.43,4,3.29
Spring,2011,GIZELLE SHERWOOD,CMY,09221,LAB I: INTR CHMY ANL,1,Lect,47,93,0.51,12.87,4.36,4.19,4.26,3.81,4.17,4.19,4.15,4.11,3.83
Fall,2011,KAREN STUMP,CMY,09221,LAB I: INTR CHMY ANL,1,Lect,56,109,0.51,13.2,4.39,4.29,4.29,4.04,4.16,4.09,4.73,4.2,3.89
Spring,2010,GIZELLE SHERWOOD,CMY,09221,LAB I: INTR CHMY ANL,1,Lect,47,98,0.48,12.6,4.28,4.2,4.24,4.07,4.11,4.3,4.04,4.13,4.04
Fall,2010,KAREN STUMP,CMY,09221,LAB I: INTR CHMY ANL,1,Lect,43,107,0.40,12.81,4.37,4.33,4.37,4.23,4.33,4.3,4.56,4.4,4.09
Spring,2016,SUSAN GRAUL,CMY,09222,LAB II:ORGNC SYN ANL,1,Lect,40,79,0.51,12.83,4.35,4.45,4.38,4.17,4.4,4.63,4.72,4.45,4.32
Spring,2015,SUSAN GRAUL,CMY,09222,LAB II:ORGNC SYN ANL,1,Lect,50,88,0.57,12.86,4.26,4.12,4.24,3.72,4.1,4.34,4.44,4.24,4.04
Fall,2015,GLORIA SILVA,CMY,09222,LAB II:ORGNC SYN ANL,1,Lect,9,15,0.60,14.11,4.56,4.33,4.56,4.22,4.44,4.67,4.67,4.38,4.44
Spring,2014,SUSAN GRAUL,CMY,09222,LAB II:ORGNC SYN ANL,1,Lect,45,92,0.49,13.93,4.22,4.13,4.38,3.82,4.14,4.38,4.56,4.24,4.04
Fall,2014,GLORIA SILVA,CMY,09222,LAB II:ORGNC SYN ANL,1,Lect,9,18,0.50,14.11,4.56,4,4.25,3.67,4.22,4.22,4.33,4.33,4.11
Spring,2013,SUSAN GRAUL,CMY,09222,LAB II:ORGNC SYN ANL,1,Lect,39,91,0.43,15.85,4.31,4.15,4.45,3.74,4.39,4.53,4.76,4.29,4
Fall,2013,GLORIA SILVA,CMY,09222,LAB II:ORGNC SYN ANL,1,Lect,10,11,0.91,10.7,4.5,4.3,4.6,4.2,4.4,4.5,4.7,4.5,4.4
Spring,2012,SUSAN GRAUL,CMY,09222,LAB II:ORGNC SYN ANL,1,Lect,45,103,0.44,12.36,4.6,4.53,4.51,4.2,4.56,4.78,4.82,4.6,4.49
Fall,2012,GLORIA SILVA,CMY,09222,LAB II:ORGNC SYN ANL,1,Lect,9,13,0.69,12.5,4.33,4.44,4.44,4.11,4.33,4.44,4.44,4.33,4.22
Spring,2011,SUSAN GRAUL,CMY,09222,LAB II:ORGNC SYN ANL,1,Lect,51,109,0.47,12.24,4.06,4.08,4.18,3.36,4,4.33,4.42,4.06,3.86
Fall,2011,GLORIA SILVA,CMY,09222,LAB II:ORGNC SYN ANL,1,Lect,10,13,0.77,12.2,4.7,4.6,4.8,4.6,4.8,4.8,4.8,4.5,4.6
Spring,2010,SUSAN GRAUL,CMY,09222,LAB II:ORGNC SYN ANL,1,Lect,64,112,0.57,11.67,4.03,4.22,4.3,3.86,4.08,4.41,4.34,4.19,4.08
Fall,2010,GLORIA SILVA,CMY,09222,LAB II:ORGNC SYN ANL,1,Lect,8,17,0.47,11.38,4.13,3.88,4.13,3.75,4,4,4,3.75,3.63
Fall,2016,CAROLINE RECORD,ART,60210,ELEC MEDIA STUDIO II,A,Lect,10,10,1.00,12.2,4.7,4.3,4.4,4.4,4.8,4.4,4.6,4.4,4.5
Fall,2016,PAOLO PEDERCINI,ART,60210,ELEC MEDIA STUDIO II,B,Lect,6,16,0.38,10,3.17,3.5,3.67,3.33,3.83,3,3.83,3.5,3.33
Fall,2016,J. TOWNSEND,ART,60210,ELEC MEDIA STUDIO II,C,Lect,3,4,0.75,12.5,5,4.67,4.67,5,5,5,5,5,4.67
Fall,2015,ANGELA WASHKO,ART,60210,ELEC MEDIA STUDIO II,A,Lect,9,15,0.60,10.33,4.44,4.56,4.44,4.56,4.33,4.44,4.44,4.44,4.56
Fall,2015,PAOLO PEDERCINI,ART,60210,ELEC MEDIA STUDIO II,B,Lect,10,13,0.77,9.8,4.11,4.22,4.22,4.56,4.33,4,4.67,4,4.11
Fall,2014,GOLAN LEVIN,ART,60210,ELEC MEDIA STUDIO II,A,Lect,15,17,0.88,12.47,4.73,4.47,4.6,4.6,4.47,4.6,4.4,4.6,4.6
Fall,2014,RICHARD PELL,ART,60210,ELEC MEDIA STUDIO II,B,Lect,7,14,0.50,13.29,4.14,4,4,4.14,4.14,4.14,4.57,4.14,4
Fall,2014,PAOLO PEDERCINI,ART,60210,ELEC MEDIA STUDIO II,C,Lect,5,14,0.36,8.6,4,4,3.8,3.6,4,3.8,4.4,4.2,3.8
Fall,2013,GOLAN LEVIN,ART,60210,ELEC MEDIA STUDIO II,A,Lect,13,15,0.87,13.92,4.77,4.23,4.54,4.54,4.77,4.38,4.62,4.62,4.54
Fall,2013,PAOLO PEDERCINI,ART,60210,ELEC MEDIA STUDIO II,B,Lect,6,16,0.38,9,3.17,3.17,3.17,3.67,3.17,2.83,2.83,3.17,2.83
Fall,2013,RICHARD PELL,ART,60210,ELEC MEDIA STUDIO II,C,Lect,10,11,0.91,9.2,4.1,3.9,3.9,3.8,4.1,4.1,4.2,4.1,4
Fall,2012,GOLAN LEVIN,ART,60210,ELEC MEDIA STUDIO II,A,Lect,13,13,1.00,9.85,4.85,4.08,4.46,4.54,4.69,4.38,4.23,4.54,4.38
Fall,2012,RICHARD PELL,ART,60210,ELEC MEDIA STUDIO II,B,Lect,12,12,1.00,8.82,3.83,3.5,3.58,3.58,3.5,3.42,3.92,3.42,3.42
Fall,2012,PAOLO PEDERCINI,ART,60210,ELEC MEDIA STUDIO II,C,Lect,6,11,0.55,9,3.67,3.5,3.67,3.33,3.5,4,3.83,3.67,3.67
Spring,2011,PAOLO PEDERCINI,ART,60210,ELEC MEDIA STUDIO II,A,Lect,10,14,0.71,8,3.8,3.9,4,4.1,4,3.9,4.2,4,4
Spring,2011,BENJAMIN KINSLEY,ART,60210,ELEC MEDIA STUDIO II,B,Lect,11,16,0.69,9.64,4.36,4.45,4.09,3.91,4.18,4.18,4.82,4.09,3.91
Fall,2011,GOLAN LEVIN,ART,60210,ELEC MEDIA STUDIO II,A,Lect,13,14,0.93,9.85,5,4.46,4.77,4.77,5,4.69,4.62,4.92,4.38
Fall,2011,PAOLO PEDERCINI,ART,60210,ELEC MEDIA STUDIO II,B,Lect,5,17,0.29,8.6,3.4,3.8,3.6,3,4.6,4.2,4,3.8,4
Fall,2011,RICHARD PELL,ART,60210,ELEC MEDIA STUDIO II,C,Lect,10,12,0.83,9.8,4.6,4.2,4.5,4.2,4.7,4.5,4.6,4.4,4.5
Fall,2011,ERIC SINGER,ART,60210,ELEC MEDIA STUDIO II,D,Lect,9,10,0.90,9.88,4.56,3.89,4.11,4.11,4.44,4,4.67,4.33,4.22
Spring,2010,PAOLO PEDERCINI,ART,60210,ELEC MEDIA STUDIO II,A,Lect,7,15,0.47,9.71,3.57,3.86,4,4.29,4.14,4,3.57,3.71,3.71
Spring,2010,JACOB CIOCCI,ART,60210,ELEC MEDIA STUDIO II,B,Lect,8,16,0.50,9.13,4.75,4.88,4.88,4.88,4.86,4.88,4.75,4.88,4.75
Fall,2010,PAOLO PEDERCINI,ART,60210,ELEC MEDIA STUDIO II,A,Lect,6,8,0.75,8.5,4.17,4,4.33,3.83,4.17,4.17,4.83,4,4.33
Fall,2010,SUZIE SILVER,ART,60210,ELEC MEDIA STUDIO II,B,Lect,4,8,0.50,11,5,5,5,5,5,5,4.5,4.75,5
Summer,2016,GLORIA SILVA,CMY,09217,ORGANIC CHEMISTRY I,S,Lect,14,28,0.50,13.71,4.93,4.93,4.79,4.57,4.64,4.71,4.79,4.93,4.86
Fall,2016,GLORIA SILVA,CMY,09217,ORGANIC CHEMISTRY I,1,Lect,78,153,0.51,9.29,4.32,4.55,4.52,4.03,4.33,4.33,4.58,4.29,4.28
Summer,2015,GLORIA SILVA,CMY,09217,ORGANIC CHEMISTRY I,S,Lect,11,18,0.61,16.18,4.73,4.82,4.82,4.82,4.73,4.73,4.82,4.73,4.73
Fall,2015,GLORIA SILVA,CMY,09217,ORGANIC CHEMISTRY I,1,Lect,83,137,0.61,9.6,3.94,4.18,4,3.7,3.88,3.77,4.06,3.72,3.69
Fall,2014,GLORIA SILVA,CMY,09217,ORGANIC CHEMISTRY I,1,Lect,90,172,0.52,9.29,4.28,4.24,4.31,4,4.21,4.18,4.37,4.1,4.16
Summer,2013,GLORIA SILVA,CMY,09217,ORGANIC CHEMISTRY I,S,Lect,5,15,0.33,12.2,4.4,4.6,4.6,4.6,4.4,4.6,4.8,4.4,4.2
Fall,2013,GLORIA SILVA,CMY,09217,ORGANIC CHEMISTRY I,1,Lect,88,164,0.54,9.8,3.93,3.97,3.85,3.58,3.85,3.75,4.02,3.69,3.7
Summer,2012,SUSAN GRAUL,CMY,09217,ORGANIC CHEMISTRY I,S,Lect,3,10,0.30,10,5,4.67,4.67,5,5,5,5,5,4.67
Fall,2012,GLORIA SILVA,CMY,09217,ORGANIC CHEMISTRY I,1,Lect,95,169,0.56,8.06,3.91,4.02,3.91,3.57,3.76,3.66,4.23,3.63,3.64
Fall,2011,GLORIA SILVA,CMY,09217,ORGANIC CHEMISTRY I,1,Lect,95,189,0.50,7.62,3.79,4.04,4.01,3.77,3.66,3.72,4.33,3.62,3.69
Fall,2010,GLORIA SILVA,CMY,09217,ORGANIC CHEMISTRY I,1,Lect,91,192,0.47,8.07,3.52,3.69,3.58,3.22,3.7,3.5,4,3.34,3.37
Spring,2016,BLUM A.,CS,15210,PRL SEQ DATA STR ALG,1,Lect,147,170,0.86,13.05,4.34,4.31,4.34,4.04,4.38,4.35,4.49,4.32,4.26
Spring,2016,KEMAL OFLAZER,CS,15210,PRL SEQ DATA STR ALG,W,Lect,9,16,0.56,16.25,4.22,4.33,4.33,3.33,3.89,4.89,4.33,4.67,4.33
Fall,2016,HARPER R.,CS,15210,PRL SEQ DATA STR ALG,1,Lect,78,166,0.47,12.59,4.33,4.37,4.29,4.03,4.41,4.27,4.47,4.22,4.16
Fall,2016,ACAR U.,CS,15210,PRL SEQ DATA STR ALG,1,Lect,78,166,0.47,12.44,4.53,4.63,4.47,4.24,4.48,4.45,4.63,4.36,4.19
Spring,2015,MARGARET REID-MILLER,CS,15210,PRL SEQ DATA STR ALG,1,Lect,91,155,0.59,12.98,3.91,3.75,3.78,3.55,3.67,3.69,4.31,3.51,3.93
Spring,2015,ACAR U.,CS,15210,PRL SEQ DATA STR ALG,1,Lect,91,155,0.59,13.19,4.41,4.26,4.29,3.76,4.26,4.25,4.49,4.22,4.11
Spring,2015,KEMAL OFLAZER,CS,15210,PRL SEQ DATA STR ALG,W,Lect,16,22,0.73,18.47,4.19,4.38,4.53,3.88,4.75,4.5,4.75,4.44,4.31
Fall,2015,SLEATOR D.,CS,15210,PRL SEQ DATA STR ALG,1,Lect,82,161,0.51,12.99,3.95,3.59,3.48,3.32,3.76,3.27,4.16,3.16,3.72
Fall,2015,ACAR U.,CS,15210,PRL SEQ DATA STR ALG,1,Lect,82,161,0.51,12.99,4.3,4.25,4.2,3.86,4.13,4.14,4.37,4.1,3.84
Spring,2014,GUY BLELLOCH,CS,15210,PRL SEQ DATA STR ALG,1,Lect,81,183,0.44,12.12,4.22,4.3,4.31,3.76,4.23,4.27,4.5,4.15,4.07
Spring,2014,MARGARET REID-MILLER,CS,15210,PRL SEQ DATA STR ALG,1,Lect,81,183,0.44,12.1,4.08,3.82,3.82,3.49,3.61,3.28,4.29,3.25,3.88
Spring,2014,KEMAL OFLAZER,CS,15210,PRL SEQ DATA STR ALG,W,Lect,19,22,0.86,16.05,4.16,4.32,4.42,3.74,4.74,4.47,4.37,4.32,4.16
Fall,2014,GUY BLELLOCH,CS,15210,PRL SEQ DATA STR ALG,1,Lect,69,110,0.63,13.91,4.26,4.48,4.41,3.99,4.58,4.55,4.59,4.28,4.28
Spring,2013,MARGARET REID-MILLER,CS,15210,PRL SEQ DATA STR ALG,1,Lect,63,124,0.51,13.4,3.78,3.68,3.68,3.53,3.67,3.42,4.08,3.25,3.65
Spring,2013,ACAR U.,CS,15210,PRL SEQ DATA STR ALG,1,Lect,63,124,0.51,13.41,4.03,3.95,4.05,3.74,4.05,4.1,4,3.83,3.71
Spring,2013,KEMAL OFLAZER,CS,15210,PRL SEQ DATA STR ALG,W,Lect,2,2,1.00,24,4.5,4,4,3,3.5,4,3.5,4,3
Fall,2013,SLEATOR D.,CS,15210,PRL SEQ DATA STR ALG,1,Lect,40,97,0.41,13.67,3.59,3.31,3.26,3.13,3.38,3.03,3.87,3.05,3.74
Fall,2013,ACAR U.,CS,15210,PRL SEQ DATA STR ALG,1,Lect,40,97,0.41,13.19,4.25,4.2,4.15,3.8,4.2,4.32,4.47,4.35,4
Fall,2013,SLEATOR D.,CS,15210,PRL SEQ DATA STR ALG,2,Lect,31,58,0.53,12.81,3.43,3.2,3.13,3.17,3.3,2.6,3.87,2.6,3.6
Fall,2013,ACAR U.,CS,15210,PRL SEQ DATA STR ALG,2,Lect,31,58,0.53,12.9,4.4,4.31,4.33,3.93,4.5,4.37,4.41,4.41,4
Fall,2013,MARGARET REID-MILLER,CS,15210,PRL SEQ DATA STR ALG,F,Lect,7,11,0.64,12.29,4.14,4,4,4.14,4.14,4,4.14,4.14,4.14
Fall,2013,MARGARET REID-MILLER,CS,15210,PRL SEQ DATA STR ALG,G,Lect,5,15,0.33,9.8,4.2,3.8,3.8,3.6,3.4,3.6,4.4,3,3.2
Fall,2013,MARGARET REID-MILLER,CS,15210,PRL SEQ DATA STR ALG,H,Lect,8,16,0.50,12.25,3.71,3.57,3.57,3.29,3.71,3.71,4.14,3.43,3.5
Fall,2013,MARGARET REID-MILLER,CS,15210,PRL SEQ DATA STR ALG,I,Lect,7,16,0.44,14,3.86,4,3.86,4,4,4,4.43,4.14,4.29
Spring,2012,TANGWONGSAN K.,CS,15210,PRL SEQ DATA STR ALG,1,Lect,37,75,0.49,11.26,3.91,3.46,3.46,3.31,3.74,3.74,4,3.57,3.17
Spring,2012,MARGARET REID-MILLER,CS,15210,PRL SEQ DATA STR ALG,1,Lect,37,75,0.49,11.25,3.32,2.89,2.78,2.59,2.89,2.46,3.56,2.41,3
Fall,2012,GUY BLELLOCH,CS,15210,PRL SEQ DATA STR ALG,1,Lect,40,94,0.43,12.42,3.9,4,4.23,3.4,4.23,4.13,4.45,3.98,3.79
Fall,2012,MARGARET REID-MILLER,CS,15210,PRL SEQ DATA STR ALG,1,Lect,40,94,0.43,12.08,3.8,3.6,3.6,3.43,3.6,3.49,4.14,3.5,3.61
Fall,2011,GUY BLELLOCH,CS,15210,PRL SEQ DATA STR ALG,1,Lect,34,67,0.51,10.91,4.42,4.29,4.41,4.09,4.47,4.38,4.59,4.41,4.12
Fall,2011,MARGARET REID-MILLER,CS,15210,PRL SEQ DATA STR ALG,1,Lect,34,67,0.51,11.11,3.83,3.63,3.54,3.63,3.46,3.46,4.13,3.46,3.92
Spring,2016,KAR S.,ECE,18202,MATH FNDTN ELEC ENGR,1,Lect,48,80,0.60,6.43,3.42,3.66,3.53,3.34,3.31,3.35,4.1,3.23,3.5
Spring,2016,XIN LI,ECE,18202,MATH FNDTN ELEC ENGR,1,Lect,48,80,0.60,6.5,4.15,4.35,4.25,3.98,4.09,4.17,4.44,4.1,3.88
Fall,2016,SULLIVAN T.,ECE,18202,MATH FNDTN ELEC ENGR,1,Lect,61,103,0.59,7.25,4.61,4.56,4.56,4.23,4.52,4.43,4.74,4.36,4.16
Fall,2016,FRANCHETTI F.,ECE,18202,MATH FNDTN ELEC ENGR,1,Lect,61,103,0.59,6.8,4.56,4.13,4.16,3.95,4.23,3.82,4.66,3.89,4
Spring,2015,MISKOV-ZIVANOV N.,ECE,18202,MATH FNDTN ELEC ENGR,1,Lect,34,72,0.47,7.36,4.33,4.15,4.15,3.79,3.85,4.3,4.58,3.85,3.88
Spring,2015,XIN LI,ECE,18202,MATH FNDTN ELEC ENGR,1,Lect,34,72,0.47,7.13,4.39,4.39,4.39,4,4.21,4.48,4.52,4.36,4.09
Fall,2015,SULLIVAN T.,ECE,18202,MATH FNDTN ELEC ENGR,1,Lect,49,87,0.56,9.16,4.24,4.06,4.06,4,4.29,4.18,4.43,4.14,3.04
Fall,2015,JOSE MOURA,ECE,18202,MATH FNDTN ELEC ENGR,1,Lect,49,87,0.56,9.98,2.98,2.73,2.59,2.45,2.69,2.31,3.27,2.35,2.37
Spring,2014,LUO Y.,ECE,18202,MATH FNDTN ELEC ENGR,1,Lect,42,75,0.56,7.25,4.48,4.43,4.36,4.37,4.32,4.37,4.68,4.27,4.41
Spring,2014,XIN LI,ECE,18202,MATH FNDTN ELEC ENGR,1,Lect,42,75,0.56,6.58,4.68,4.63,4.58,4.5,4.58,4.65,4.8,4.7,4.6
Fall,2014,JOSE MOURA,ECE,18202,MATH FNDTN ELEC ENGR,1,Lect,61,90,0.68,9.18,2.43,2.61,2.48,2.21,2.64,2.38,2.66,2.25,2.21
Fall,2014,FRANCHETTI F.,ECE,18202,MATH FNDTN ELEC ENGR,1,Lect,61,90,0.68,9.07,3.24,3.11,3.04,2.91,3.04,3,3.49,3.04,2.67
Spring,2013,XIN LI,ECE,18202,MATH FNDTN ELEC ENGR,1,Lect,50,80,0.63,7.41,4.33,4.49,4.45,4.16,4.1,4.45,4.71,4.29,4.29
Fall,2013,LUO Y.,ECE,18202,MATH FNDTN ELEC ENGR,1,Lect,51,92,0.55,7.35,3.8,3.76,3.61,3.43,3.57,3.47,4.29,3.38,3.68
Fall,2013,SULLIVAN T.,ECE,18202,MATH FNDTN ELEC ENGR,1,Lect,51,92,0.55,7.69,4.37,4.25,4.2,3.92,4.31,4.18,4.47,4.1,3.98
Spring,2012,JAMES HOBURG,ECE,18202,MATH FNDTN ELEC ENGR,1,Lect,57,88,0.65,7.95,4.77,4.75,4.84,4.65,4.75,4.82,4.77,4.79,4.59
Spring,2012,XIN LI,ECE,18202,MATH FNDTN ELEC ENGR,1,Lect,57,88,0.65,7.88,4.27,4.17,4.18,4.1,4.02,4.04,4.4,3.94,4.23
Fall,2012,JOSE MOURA,ECE,18202,MATH FNDTN ELEC ENGR,1,Lect,55,94,0.59,8.44,3.33,3.59,3.4,2.98,3.15,3.04,3.98,2.96,2.94
Spring,2011,XIN LI,ECE,18202,MATH FNDTN ELEC ENGR,1,Lect,39,64,0.61,6.97,4.49,4.53,4.41,4.28,4.38,4.46,4.72,4.45,4.23
Fall,2011,JOSE MOURA,ECE,18202,MATH FNDTN ELEC ENGR,1,Lect,33,79,0.42,8.64,3.73,3.73,3.7,3.55,3.79,3.66,4,3.48,3.67
Spring,2010,JAMES HOBURG,ECE,18202,MATH FNDTN ELEC ENGR,1,Lect,40,77,0.52,9.35,4.68,4.62,4.6,4.15,4.63,4.72,4.68,4.68,4.38
Fall,2010,JOSE MOURA,ECE,18202,MATH FNDTN ELEC ENGR,1,Lect,44,82,0.54,9.7,3.34,3.36,3.14,2.91,3.34,2.98,3.66,2.91,2.7
